0.5889608860015869, 0.9633301496505737, 0.2638936936855316, 0.9843810796737671, 0.3181188106536865, 0.4388446807861328, 0.04511699452996254, 0.6414236426353455, 0.7421700358390808, 0.347244530916214, 0.830768346786499, 0.29885655641555786, 0.9877049326896667, 0.57636958360672, 0.4142546057701111, 0.8167077898979187, 0.24398325383663177, 0.16408735513687134, 0.1818845123052597, 0.9137990474700928, 0.6644672751426697, 0.8368154764175415, 0.748017430305481, 0.47741150856018066, 0.8239229321479797, 0.7966023683547974, 0.34446218609809875, 0.8045402765274048, 0.8684758543968201, 0.8040207624435425, 0.3852783739566803, 0.503026008605957, 0.6542892456054688
0.3541922867298126, 0.5570539236068726, 0.8887413740158081, 0.42283934354782104, 0.19579969346523285, 0.260437548160553, 0.13709639012813568, 0.09020709246397018, 0.9547746181488037, 0.05607938766479492, 0.24133841693401337, 0.264743447303772, 0.5274038910865784, 0.5330938696861267, 0.9896962642669678, 0.7554558515548706, 0.6249495148658752, 0.49715736508369446, 0.8955252766609192, 0.22886860370635986, 0.16586770117282867, 0.6985316276550293, 0.9458900690078735, 0.18530131876468658, 0.6571928858757019, 0.6008462905883789, 0.4657016396522522, 0.4268782138824463, 0.44065016508102417, 0.4324389100074768, 0.17484638094902039, 0.3854002058506012, 0.6699867248535156
0.5996472239494324, 0.12242776155471802, 0.036263201385736465, 0.4523783326148987, 0.34465041756629944, 0.8869835138320923, 0.3136010766029358, 0.22966988384723663, 0.3082651197910309, 0.7157179117202759, 0.7100972533226013, 0.018130173906683922, 0.9354298114776611, 0.7888235449790955, 0.5166983008384705, 0.7109101414680481, 0.7887756824493408, 0.2509387135505676, 0.8535130023956299, 0.15672260522842407, 0.03530844673514366, 0.6248149275779724, 0.05561458691954613, 0.9844880700111389, 0.05027628690004349, 0.013897526077926159, 0.7597222328186035, 0.7782191038131714, 0.994078516960144, 0.3299805223941803, 0.004540434572845697, 0.45586612820625305, 0.6850030422210693
0.8895924091339111, 0.5721145272254944, 0.6977405548095703, 0.23095464706420898, 0.058998581022024155, 0.5271908640861511, 0.026273131370544434, 0.7973892092704773, 0.7498862743377686, 0.057259608060121536, 0.5828964114189148, 0.5158053040504456, 0.5204633474349976, 0.9854894280433655, 0.16365092992782593, 0.4520043134689331, 0.0015773293562233448, 0.8010808229446411, 0.8988705277442932, 0.019085319712758064, 0.840106725692749, 0.17064009606838226, 0.9349514245986938, 0.07385139912366867, 0.7969391942024231, 0.2191358059644699, 0.2275841236114502, 0.9665879011154175, 0.4702683687210083, 0.22627326846122742, 0.3978498876094818, 0.49524182081222534, 0.7002968788146973
0.4134674370288849, 0.893259584903717, 0.7963843941688538, 0.3792644441127777, 0.387956827878952, 0.7437992095947266, 0.44142013788223267, 0.9466382265090942, 0.9553837776184082, 0.046966955065727234, 0.7766597867012024, 0.4671168625354767, 0.9408788681030273, 0.08964540809392929, 0.9174561500549316, 0.4637543261051178, 0.4519782066345215, 0.02999476157128811, 0.9927380084991455, 0.7146525979042053, 0.9234620332717896, 0.7194793820381165, 0.4067157208919525, 0.3340466618537903, 0.8368302583694458, 0.66527259349823, 0.5012080073356628, 0.9944111704826355, 0.7602477073669434, 0.3991219401359558, 0.32388290762901306, 0.6995552182197571, 0.7160522937774658
0.267009437084198, 0.4286092519760132, 0.5541267991065979, 0.8564351797103882, 0.17828260362148285, 0.6003888249397278, 0.5607003569602966, 0.9512115716934204, 0.11953985691070557, 0.5140292048454285, 0.27820444107055664, 0.15281689167022705, 0.6419690251350403, 0.7094042897224426, 0.041391320526599884, 0.4283270537853241, 0.32684940099716187, 0.15999393165111542, 0.05950440466403961, 0.4648053050041199, 0.8905320763587952, 0.26581624150276184, 0.16301053762435913, 0.34563443064689636, 0.525378406047821, 0.8536893725395203, 0.4031105935573578, 0.9563342332839966, 0.3639226257801056, 0.6054312586784363, 0.9502987861633301, 0.038363728672266006, 0.7309508323669434
0.03782268986105919, 0.3391507863998413, 0.36452680826187134, 0.008398321457207203, 0.8780878782272339, 0.28962835669517517, 0.14451265335083008, 0.6542456746101379, 0.43473580479621887, 0.6542214155197144, 0.7592937350273132, 0.24464327096939087, 0.5315015912055969, 0.655085563659668, 0.15668372809886932, 0.19500623643398285, 0.07495129853487015, 0.12783263623714447, 0.12744970619678497, 0.68145751953125, 0.7921163439750671, 0.8250545263290405, 0.048269301652908325, 0.7075812220573425, 0.934585452079773, 0.017608527094125748, 0.2797539234161377, 0.9458797574043274, 0.5122047662734985, 0.41478782892227173, 0.23116689920425415, 0.6384866237640381, 0.7464468479156494
0.19560126960277557, 0.9394153952598572, 0.1515219360589981, 0.8492026329040527, 0.3377368152141571, 0.18891781568527222, 0.6674569249153137, 0.924371600151062, 0.20696036517620087, 0.1832440048456192, 0.8264542818069458, 0.22104188799858093, 0.36840447783470154, 0.36872926354408264, 0.8176231384277344, 0.5036762356758118, 0.35013845562934875, 0.03236924856901169, 0.39188456535339355, 0.2560405433177948, 0.599137008190155, 0.4132750630378723, 0.2339901328086853, 0.9825755953788757, 0.014060113579034805, 0.4713933765888214, 0.862894594669342, 0.5323386192321777, 0.23270830512046814, 0.23634523153305054, 0.6774784326553345, 0.6097015738487244, 0.7613198757171631
0.8130484819412231, 0.9024180173873901, 0.9784719347953796, 0.10154087096452713, 0.9146741628646851, 0.006725377403199673, 0.25853726267814636, 0.9661061763763428, 0.5709921717643738, 0.005500449799001217, 0.6124021410942078, 0.9989314675331116, 0.09540046751499176, 0.8458471298217773, 0.9606127142906189, 0.8066093921661377, 0.6766266822814941, 0.15711389482021332, 0.12764208018779755, 0.16650928556919098, 0.9184619784355164, 0.6220078468322754, 0.090791717171669, 0.09528347104787827, 0.28036919236183167, 0.2838362157344818, 0.8923558592796326, 0.746665358543396, 0.7477664947509766, 0.9641990661621094, 0.5497727394104004, 0.2891659438610077, 0.7770693302154541
0.47497567534446716, 0.6342107057571411, 0.32436126470565796, 0.9167541861534119, 0.5677239298820496, 0.44627025723457336, 0.3982304334640503, 0.1284957379102707, 0.6967769861221313, 0.42785605788230896, 0.17078690230846405, 0.697133481502533, 0.1387309432029724, 0.8878120183944702, 0.2911148965358734, 0.5446518063545227, 0.3528098464012146, 0.3502825200557709, 0.0033624740317463875, 0.8122890591621399, 0.8201304078102112, 0.32947319746017456, 0.52646404504776, 0.34798920154571533, 0.8186865448951721, 0.7190083265304565, 0.10157769918441772, 0.5626078248023987, 0.768710196018219, 0.07170529663562775, 0.1980089247226715, 0.6334992051124573, 0.7923548221588135
0.2829958498477936, 0.13221335411071777, 0.6713573336601257, 0.6659356951713562, 0.5291144847869873, 0.5584439635276794, 0.6703377366065979, 0.6544938087463379, 0.6613484621047974, 0.7957860827445984, 0.3277747333049774, 0.18741720914840698, 0.7191160321235657, 0.48409485816955566, 0.7039551734924316, 0.1202756017446518, 0.3011293411254883, 0.3787406086921692, 0.5552993416786194, 0.9645902514457703, 0.6964460611343384, 0.03498264402151108, 0.968276858329773, 0.540173351764679, 0.5110201239585876, 0.2522091269493103, 0.8130583167076111, 0.005862278863787651, 0.5719503164291382, 0.560893714427948, 0.4320158064365387, 0.1329282820224762, 0.8082127571105957
0.42899221181869507, 0.5963810086250305, 0.4737102687358856, 0.7261584401130676, 0.02028641849756241, 0.5764186978340149, 0.35096314549446106, 0.6193689107894897, 0.8925837278366089, 0.9433122277259827, 0.5843305587768555, 0.8362346291542053, 0.7302026748657227, 0.19545873999595642, 0.7739705443382263, 0.7084658145904541, 0.9694764614105225, 0.9659630656242371, 0.9124886989593506, 0.9600410461425781, 0.26220467686653137, 0.1817208230495453, 0.6674950122833252, 0.6739183068275452, 0.9008582830429077, 0.4522210657596588, 0.7454012632369995, 0.5377373099327087, 0.49417632818222046, 0.378654807806015, 0.7485069036483765, 0.5173835754394531, 0.8233044147491455
0.21655744314193726, 0.7921640276908875, 0.16262492537498474, 0.8599491119384766, 0.2996419072151184, 0.41681110858917236, 0.9382440447807312, 0.27369773387908936, 0.22693884372711182, 0.4556523561477661, 0.7201766967773438, 0.9897794723510742, 0.25020623207092285, 0.09537484496831894, 0.4074752628803253, 0.49962538480758667, 0.11121562868356705, 0.5389664769172668, 0.987271249294281, 0.2029794603586197, 0.7964112758636475, 0.12433436512947083, 0.18896013498306274, 0.9235009551048279, 0.5834760069847107, 0.38066357374191284, 0.14287282526493073, 0.9550604224205017, 0.7068471312522888, 0.17842072248458862, 0.649533748626709, 0.7189946174621582, 0.8396663665771484
0.43434974551200867, 0.17291221022605896, 0.030400903895497322, 0.3163236379623413, 0.6537114977836609, 0.8352450132369995, 0.19948214292526245, 0.4943239390850067, 0.9302153587341309, 0.5033971071243286, 0.3916615843772888, 0.8266354203224182, 0.3233756124973297, 0.06609242409467697, 0.016777999699115753, 0.5105034112930298, 0.5058009624481201, 0.04473733529448509, 0.9096212387084961, 0.008927654474973679, 0.4212212860584259, 0.174650639295578, 0.5434306263923645, 0.5751135349273682, 0.4576151967048645, 0.28336912393569946, 0.08940362185239792, 0.1780063509941101, 0.21105346083641052, 0.2575184106826782, 0.5329556465148926, 0.49599310755729675, 0.8547148704528809
0.30935928225517273, 0.8327987194061279, 0.6645542979240417, 0.2461826503276825, 0.22780722379684448, 0.384962797164917, 0.4516456127166748, 0.00626002810895443, 0.12833745777606964, 0.40331965684890747, 0.7614819407463074, 0.041821494698524475, 0.8317916393280029, 0.8937358260154724, 0.34598663449287415, 0.2930402159690857, 0.8813459277153015, 0.6461313962936401, 0.791658341884613, 0.830751359462738, 0.6318560838699341, 0.17336010932922363, 0.2896258533000946, 0.851235032081604, 0.16460996866226196, 0.026935728266835213, 0.2911430299282074, 0.24228841066360474, 0.47763028740882874, 0.321564644575119, 0.28476202487945557, 0.19203603267669678, 0.8708245754241943
0.7553703188896179, 0.23801937699317932, 0.1203390434384346, 0.789727509021759, 0.26960989832878113, 0.5348078608512878, 0.1528226137161255, 0.394664466381073, 0.44105467200279236, 0.5615066885948181, 0.7212599515914917, 0.588314414024353, 0.07774641364812851, 0.10810789465904236, 0.7920933961868286, 0.44834285974502563, 0.8382387161254883, 0.7207817435264587, 0.15298451483249664, 0.9149293303489685, 0.158316969871521, 0.042433783411979675, 0.9761678576469421, 0.42978256940841675, 0.20336268842220306, 0.40435081720352173, 0.005183362867683172, 0.4509052336215973, 0.5277730226516724, 0.20188437402248383, 0.11691350489854813, 0.3268646001815796, 0.886375904083252
0.9829611778259277, 0.67465740442276, 0.616813600063324, 0.1219157874584198, 0.8622115850448608, 0.2842933237552643, 0.480837881565094, 0.31830015778541565, 0.8512331247329712, 0.5128785371780396, 0.09870656579732895, 0.13472600281238556, 0.07015759497880936, 0.9111451506614685, 0.9087355732917786, 0.7002821564674377, 0.2808295488357544, 0.15340229868888855, 0.9922361969947815, 0.23309390246868134, 0.30572059750556946, 0.04882029816508293, 0.8345810770988464, 0.6694139838218689, 0.5564823150634766, 0.5377368927001953, 0.7347953915596008, 0.83896803855896, 0.27480262517929077, 0.07367635518312454, 0.8127754926681519, 0.3970607817173004, 0.9013867378234863
0.3409828543663025, 0.5408970713615417, 0.012023882009088993, 0.7312749624252319, 0.5497320294380188, 0.06253926455974579, 0.9071227312088013, 0.6016507744789124, 0.5502750277519226, 0.1498575210571289, 0.5938075184822083, 0.9794700741767883, 0.9548389911651611, 0.34203028678894043, 0.5304848551750183, 0.2761043608188629, 0.8642587661743164, 0.09511562436819077, 0.8687036037445068, 0.7072416543960571, 0.7149789929389954, 0.7453798055648804, 0.684276819229126, 0.49109771847724915, 0.23970580101013184, 0.8107518553733826, 0.8929648399353027, 0.6070525050163269, 0.05074891075491905, 0.0928267240524292, 0.9922903776168823, 0.009509104304015636, 0.9165632724761963
0.7054142355918884, 0.22578197717666626, 0.30809375643730164, 0.6067931056022644, 0.8895577192306519, 0.8814125061035156, 0.9611421227455139, 0.20593801140785217, 0.48754510283470154, 0.1473298817873001, 0.26205065846443176, 0.28468286991119385, 0.18615774810314178, 0.7522304654121399, 0.6604543924331665, 0.4031330943107605, 0.38377758860588074, 0.6132603883743286, 0.8183122873306274, 0.8620390295982361, 0.999626874923706, 0.16967585682868958, 0.19220450520515442, 0.39655956625938416, 0.8023649454116821, 0.6968904733657837, 0.5027195811271667, 0.8228040337562561, 0.8577088713645935, 0.2239989936351776, 0.5271967053413391, 0.2944590449333191, 0.9317376613616943
0.0007631804328411818, 0.7432706356048584, 0.22906793653964996, 0.1306537240743637, 0.8658668994903564, 0.07448311150074005, 0.7227307558059692, 0.28346723318099976, 0.31169331073760986, 0.34978362917900085, 0.21680574119091034, 0.3536871373653412, 0.4968112111091614, 0.9368206262588501, 0.5445129871368408, 0.39132025837898254, 0.7731306552886963, 0.9291196465492249, 0.9528627991676331, 0.9978833198547363, 0.8468203544616699, 0.7951990962028503, 0.8952259421348572, 0.43535342812538147, 0.5447510480880737, 0.266375333070755, 0.5198351740837097, 0.9275920391082764, 0.5248018503189087, 0.19846999645233154, 0.010067927651107311, 0.35291168093681335, 0.9470710754394531
0.955691397190094, 0.15922197699546814, 0.6945902705192566, 0.2915450632572174, 0.09172824770212173, 0.6091300249099731, 0.07929864525794983, 0.35515913367271423, 0.16458114981651306, 0.11289957910776138, 0.008573302067816257, 0.883603572845459, 0.8605867028236389, 0.8501507639884949, 0.4509551525115967, 0.514699399471283, 0.7333086133003235, 0.41752544045448303, 0.02204892598092556, 0.818864107131958, 0.4659217894077301, 0.986897349357605, 0.5428974628448486, 0.446768194437027, 0.09655233472585678, 0.7723670601844788, 0.5764226317405701, 0.9415861964225769, 0.11239676177501678, 0.23979195952415466, 0.3625737428665161, 0.1929846554994583, 0.9628727436065674
0.38170334696769714, 0.2254941314458847, 0.3436658978462219, 0.8473402261734009, 0.017652319744229317, 0.7967758774757385, 0.20908232033252716, 0.07308151572942734, 0.39083781838417053, 0.9871964454650879, 0.8340457081794739, 0.7981835007667542, 0.512401819229126, 0.32626578211784363, 0.33823755383491516, 0.9587761163711548, 0.47444504499435425, 0.39067015051841736, 0.43336477875709534, 0.955409586429596, 0.3091696500778198, 0.4746996760368347, 0.9156171083450317, 0.5171747207641602, 0.7240025401115417, 0.9400022029876709, 0.01831340231001377, 0.972625732421875, 0.2293904423713684, 0.9967713952064514, 0.3119976222515106, 0.17246530950069427, 0.9785118103027344
0.726581871509552, 0.17538566887378693, 0.8772139549255371, 0.11036568135023117, 0.15276163816452026, 0.6831138134002686, 0.7883506417274475, 0.22048348188400269, 0.8898933529853821, 0.40645545721054077, 0.5626912713050842, 0.41797754168510437, 0.30696824193000793, 0.9352206587791443, 0.4541517198085785, 0.6816532015800476, 0.7847455143928528, 0.654967725276947, 0.624074399471283, 0.987479031085968, 0.8910189270973206, 0.015638064593076706, 0.3351912498474121, 0.791754424571991, 0.6548759937286377, 0.5616875290870667, 0.15471017360687256, 0.8562644124031067, 0.1753702014684677, 0.11074411123991013, 0.004314397927373648, 0.6192541718482971, 0.9939420223236084
0.3440821170806885, 0.43909943103790283, 0.010861971415579319, 0.45004594326019287, 0.5983331799507141, 0.47507360577583313, 0.41055992245674133, 0.03991046920418739, 0.41298922896385193, 0.6528160572052002, 0.5236082077026367, 0.39419451355934143, 0.050860967487096786, 0.0009860029676929116, 0.21548675000667572, 0.9428886771202087, 0.19785410165786743, 0.7078596949577332, 0.8604193329811096, 0.5760706663131714, 0.296137273311615, 0.4808949828147888, 0.8209347724914551, 0.5511066317558289, 0.21652859449386597, 0.4138968884944916, 0.40986865758895874, 0.178346186876297, 0.8339732885360718, 0.16958113014698029, 0.1002398282289505, 0.9149433374404907, 1.0093278884887695
0.4061245322227478, 0.040918901562690735, 0.734011173248291, 0.6793602705001831, 0.7508478760719299, 0.6973065137863159, 0.7195398211479187, 0.31232643127441406, 0.1361241340637207, 0.4316295087337494, 0.18049421906471252, 0.667948842048645, 0.3985244929790497, 0.06931490451097488, 0.6995506882667542, 0.2290734201669693, 0.8396321535110474, 0.9823307991027832, 0.6035109162330627, 0.3794073164463043, 0.7328612804412842, 0.9899272322654724, 0.6337113380432129, 0.6014983057975769, 0.9660549759864807, 0.09478635340929031, 0.908380925655365, 0.8925004601478577, 0.6484843492507935, 0.6109767556190491, 0.052053358405828476, 0.3414748013019562, 1.0243713855743408
0.5391778945922852, 0.824154257774353, 0.7112928628921509, 0.9798160791397095, 0.39239364862442017, 0.8551258444786072, 0.4455438256263733, 0.3605650067329407, 0.8623039126396179, 0.8515798449516296, 0.14457418024539948, 0.7009460926055908, 0.812110185623169, 0.1770997792482376, 0.7744041085243225, 0.6546330451965332, 0.012119110673666, 0.7392459511756897, 0.3151889145374298, 0.26523903012275696, 0.6423259973526001, 0.7575580477714539, 0.029896000400185585, 0.6018592119216919, 0.5534913539886475, 0.4477023184299469, 0.8453928232192993, 0.7349258661270142, 0.7558560371398926, 0.6072761416435242, 0.43609270453453064, 0.9310047626495361, 1.0399425029754639
0.9447238445281982, 0.2680984437465668, 0.6289474964141846, 0.40930700302124023, 0.8411076664924622, 0.7261713743209839, 0.06244714558124542, 0.8557987213134766, 0.025652972981333733, 0.04512356221675873, 0.5351901650428772, 0.03485993295907974, 0.17412735521793365, 0.7004706859588623, 0.36655065417289734, 0.9963502883911133, 0.8706902861595154, 0.36031150817871094, 0.3849078118801117, 0.7372826933860779, 0.5459890961647034, 0.23938186466693878, 0.19996671378612518, 0.6614829897880554, 0.3938082754611969, 0.40151315927505493, 0.6802053451538086, 0.3735291659832001, 0.19118310511112213, 0.705995500087738, 0.3039586842060089, 0.5149999260902405, 1.0553929805755615
0.6262033581733704, 0.6876047253608704, 0.800753116607666, 0.6634175181388855, 0.6213944554328918, 0.5777140259742737, 0.3903219699859619, 0.05973527207970619, 0.7220255136489868, 0.42315709590911865, 0.6716209053993225, 0.5335184931755066, 0.4040474593639374, 0.43765825033187866, 0.6149419546127319, 0.7231714725494385, 0.0752091333270073, 0.40394312143325806, 0.743059515953064, 0.3225499987602234, 0.35023194551467896, 0.8213022947311401, 0.5362498760223389, 0.8935913443565369, 0.9427687525749207, 0.07245510816574097, 0.6020235419273376, 0.8384952545166016, 0.4787084460258484, 0.15344594419002533, 0.7387077212333679, 0.9877734184265137, 1.0704810619354248
0.47005414962768555, 0.5931594967842102, 0.6134697794914246, 0.8523364663124084, 0.45073452591896057, 0.5897870659828186, 0.38997623324394226, 0.9556646347045898, 0.6653341054916382, 0.6099168062210083, 0.6131911277770996, 0.32841169834136963, 0.03389236330986023, 0.983832597732544, 0.8724352121353149, 0.1463240534067154, 0.41266313195228577, 0.7697848081588745, 0.4788990914821625, 0.6072062253952026, 0.5586506128311157, 0.1084696426987648, 0.910009503364563, 0.44198018312454224, 0.6008681058883667, 0.009807047434151173, 0.5287296175956726, 0.8027350902557373, 0.5285849571228027, 0.25828954577445984, 0.46533551812171936, 0.4287055432796478, 1.0863118171691895
0.3697369694709778, 0.1383787989616394, 0.42793992161750793, 0.515466034412384, 0.8082449436187744, 0.5435718894004822, 0.7330700159072876, 0.04641605541110039, 0.4105493426322937, 0.2715349495410919, 0.03638850152492523, 0.41705647110939026, 0.7664566040039062, 0.093221515417099, 0.7415562272071838, 0.9296609163284302, 0.9684444069862366, 0.13068877160549164, 0.9819258451461792, 0.5004556179046631, 0.42763954401016235, 0.8986215591430664, 0.559834361076355, 0.7347040772438049, 0.05073002353310585, 0.053181711584329605, 0.10617024451494217, 0.5833095908164978, 0.7893701195716858, 0.7609586715698242, 0.3961416184902191, 0.7223588228225708, 1.1014251708984375
0.9495095610618591, 0.32996612787246704, 0.4213029444217682, 0.9421793818473816, 0.32141783833503723, 0.6709634065628052, 0.5353724956512451, 0.22129817306995392, 0.9696034789085388, 0.8728864789009094, 0.7158768177032471, 0.40846195816993713, 0.0873984768986702, 0.9199233055114746, 0.40367695689201355, 0.20767126977443695, 0.8527929782867432, 0.387487530708313, 0.36688876152038574, 0.7793259024620056, 0.23197051882743835, 0.7829264402389526, 0.8014829754829407, 0.7095274925231934, 0.9662545323371887, 0.6092592477798462, 0.1630363166332245, 0.878378689289093, 0.3919388949871063, 0.10814053565263748, 0.39916616678237915, 0.38936638832092285, 1.1166038513183594
0.948869526386261, 0.6082957983016968, 0.7369344234466553, 0.0028184785041958094, 0.240805983543396, 0.9678429365158081, 0.6190934777259827, 0.759795069694519, 0.2631338834762573, 0.3711869716644287, 0.31404340267181396, 0.5249168276786804, 0.5131432414054871, 0.2137795239686966, 0.5903428792953491, 0.19377799332141876, 0.27872222661972046, 0.12148421257734299, 0.19041045010089874, 0.20727714896202087, 0.27864450216293335, 0.4002402126789093, 0.4236277639865875, 0.9077247977256775, 0.5614110827445984, 0.6407346725463867, 0.49951809644699097, 0.28980928659439087, 0.926881730556488, 0.15449659526348114, 0.05466487631201744, 0.00881630927324295, 1.131765365600586
0.01791348122060299, 0.08393095433712006, 0.09366844594478607, 0.2796097695827484, 0.5184534192085266, 0.06758969277143478, 0.892491340637207, 0.007303148042410612, 0.0006811885396018624, 0.8463606238365173, 0.6324228048324585, 0.5953806638717651, 0.6575623750686646, 0.7971014380455017, 0.6116811633110046, 0.2231290340423584, 0.0033808951266109943, 0.5848092436790466, 0.8712713122367859, 0.8771957755088806, 0.9364297986030579, 0.5108685493469238, 0.33977094292640686, 0.17436595261096954, 0.20670706033706665, 0.2557711899280548, 0.773582398891449, 0.8466452956199646, 0.8894917368888855, 0.41508761048316956, 0.392971009016037, 0.3102898895740509, 1.1468415260314941
0.053022600710392, 0.7459273934364319, 0.6029823422431946, 0.06695596128702164, 0.24675999581813812, 0.0021553058177232742, 0.16216950118541718, 0.6761791706085205, 0.8467205166816711, 0.28841203451156616, 0.3407336175441742, 0.23271584510803223, 0.3221783936023712, 0.07748400419950485, 0.1742301881313324, 0.17121925950050354, 0.2019764631986618, 0.6894022822380066, 0.9675399661064148, 0.5632128715515137, 0.9371963739395142, 0.6410620808601379, 0.9522184729576111, 0.9005976915359497, 0.004144425503909588, 0.7310124039649963, 0.2469896376132965, 0.5090429186820984, 0.17015670239925385, 0.10598336160182953, 0.7715460062026978, 0.9837020635604858, 1.162745475769043
0.08598743379116058, 0.8288463950157166, 0.6230701804161072, 0.16570550203323364, 0.7576372623443604, 0.3237520158290863, 0.9075247645378113, 0.5009734034538269, 0.6092734932899475, 0.47260206937789917, 0.5195361971855164, 0.7132916450500488, 0.15199384093284607, 0.2552517354488373, 0.23597033321857452, 0.024421708658337593, 0.26359155774116516, 0.41813766956329346, 0.6013139486312866, 0.5278595089912415, 0.9621487259864807, 0.4475555419921875, 0.39943861961364746, 0.34600335359573364, 0.4694831073284149, 0.8256940245628357, 0.2788419723510742, 0.354200541973114, 0.7444483041763306, 0.2061762809753418, 0.3855215907096863, 0.29350826144218445, 1.177900791168213
0.5362555980682373, 0.601129412651062, 0.9284554719924927, 0.1027131900191307, 0.27140530943870544, 0.6845479607582092, 0.2939567565917969, 0.7622050642967224, 0.11217645555734634, 0.010587322525680065, 0.9452711939811707, 0.2948794662952423, 0.643764078617096, 0.8896872401237488, 0.7281871438026428, 0.19111119210720062, 0.7384977340698242, 0.24315319955348969, 0.8884348273277283, 0.561523973941803, 0.471346378326416, 0.2737525701522827, 0.8263856172561646, 0.6340704560279846, 0.5179759860038757, 0.775959312915802, 0.9361820816993713, 0.8872540593147278, 0.19997842609882355, 0.33062854409217834, 0.021179644390940666, 0.29754170775413513, 1.1937024593353271
0.2589576244354248, 0.35011959075927734, 0.8388529419898987, 0.7461209893226624, 0.07292702049016953, 0.19087965786457062, 0.6816007494926453, 0.183633953332901, 0.10569717735052109, 0.13344457745552063, 0.4069148898124695, 0.23570029437541962, 0.20189380645751953, 0.480729341506958, 0.48576799035072327, 0.5222852826118469, 0.3634951710700989, 0.9483345746994019, 0.6517813205718994, 0.6318433880805969, 0.3988748788833618, 0.6502709984779358, 0.7147091627120972, 0.2676314413547516, 0.9869696497917175, 0.1606425791978836, 0.3745204508304596, 0.06718380004167557, 0.3227595090866089, 0.2649509906768799, 0.09619570523500443, 0.7195682525634766, 1.2095286846160889
0.1289406716823578, 0.012871748767793179, 0.43254637718200684, 0.34707340598106384, 0.6535038352012634, 0.8177845478057861, 0.31500443816185, 0.27434125542640686, 0.47025880217552185, 0.09002779424190521, 0.7751866579055786, 0.3088754415512085, 0.36993953585624695, 0.8477065563201904, 0.07297047227621078, 0.20818693935871124, 0.601066529750824, 0.9052113890647888, 0.05797303840517998, 0.7360758185386658, 0.6974877715110779, 0.17945051193237305, 0.7113415002822876, 0.33654898405075073, 0.29727795720100403, 0.7092363238334656, 0.21061326563358307, 0.24204425513744354, 0.07005822658538818, 0.9196040034294128, 0.12043719738721848, 0.7614004015922546, 1.2248437404632568
0.9996124505996704, 0.911404550075531, 0.9168741703033447, 0.4040542244911194, 0.6603386402130127, 0.1594393402338028, 0.9872617721557617, 0.5116486549377441, 0.9961435794830322, 0.39510026574134827, 0.39379262924194336, 0.6991766691207886, 0.5497492551803589, 0.5240911245346069, 0.4406619668006897, 0.7542387843132019, 0.7255563139915466, 0.8797299861907959, 0.7560805082321167, 0.8339329361915588, 0.39797618985176086, 0.45076778531074524, 0.23007763922214508, 0.9665842652320862, 0.5617383718490601, 0.831501841545105, 0.35461053252220154, 0.7301214933395386, 0.5105781555175781, 0.2208021730184555, 0.9515669345855713, 0.8493192791938782, 1.240217924118042
0.15975937247276306, 0.2462538480758667, 0.8052938580513, 0.2887839674949646, 0.4565412998199463, 0.7255319356918335, 0.025516653433442116, 0.8270338773727417, 0.6604763269424438, 0.31973665952682495, 0.16292831301689148, 0.08317413926124573, 0.9566000699996948, 0.4492484927177429, 0.5282676219940186, 0.3802400231361389, 0.32530221343040466, 0.2152854949235916, 0.5089287757873535, 0.3333999216556549, 0.3359188735485077, 0.34217262268066406, 0.9182409644126892, 0.5756789445877075, 0.5468592047691345, 0.6744372844696045, 0.3220002353191376, 0.18052738904953003, 0.5632597208023071, 0.1871337592601776, 0.7618706226348877, 0.3784194886684418, 1.2552430629730225
0.6654343605041504, 0.8255978226661682, 0.33445611596107483, 0.957797110080719, 0.27770179510116577, 0.7850314378738403, 0.20884880423545837, 0.8082146048545837, 0.566971480846405, 0.7331433296203613, 0.20843936502933502, 0.6415709853172302, 0.9299228191375732, 0.2723344564437866, 0.5662838220596313, 0.1466676890850067, 0.4867718815803528, 0.6609716415405273, 0.2603200376033783, 0.06491142511367798, 0.2039489597082138, 0.7914031744003296, 0.4212082326412201, 0.7333824634552002, 0.8113153576850891, 0.29862403869628906, 0.3189137279987335, 0.9725460410118103, 0.22183242440223694, 0.5807641744613647, 0.23274384438991547, 0.9477671980857849, 1.270420789718628
0.6323849558830261, 0.27085596323013306, 0.7368521094322205, 0.9129872918128967, 0.12328790873289108, 0.9606348872184753, 0.9966609477996826, 0.1585831195116043, 0.9647736549377441, 0.7022027373313904, 0.10440727323293686, 0.7354856729507446, 0.5485737323760986, 0.5540058016777039, 0.25298872590065, 0.5523754358291626, 0.9140256643295288, 0.08469785749912262, 0.4926707148551941, 0.005919711664319038, 0.08157337456941605, 0.3663332462310791, 0.776195228099823, 0.426766037940979, 0.7249972820281982, 0.7258614301681519, 0.6704321503639221, 0.4221968352794647, 0.24136970937252045, 0.9834455847740173, 0.024534087628126144, 0.4706197679042816, 1.285597324371338
0.19511546194553375, 0.035752564668655396, 0.04520846903324127, 0.9931024312973022, 0.6764090657234192, 0.9322669506072998, 0.6094558238983154, 0.4464057981967926, 0.29372596740722656, 0.43482741713523865, 0.460821270942688, 0.1133321151137352, 0.449042409658432, 0.7537865042686462, 0.9065783023834229, 0.23712848126888275, 0.15129581093788147, 0.5155350565910339, 0.9704363942146301, 0.7089648842811584, 0.5499218106269836, 0.894773542881012, 0.853046178817749, 0.5801534652709961, 0.3690645694732666, 0.9658785462379456, 0.9045374989509583, 0.40410077571868896, 0.7498626112937927, 0.9033958315849304, 0.6303228735923767, 0.021990668028593063, 1.3008875846862793
0.36883607506752014, 0.5129006505012512, 0.9622741341590881, 0.3824298083782196, 0.9532721638679504, 0.2537402808666229, 0.8687828183174133, 0.8850974440574646, 0.4472951889038086, 0.02563592605292797, 0.8239644765853882, 0.06426999717950821, 0.8368251323699951, 0.32997164130210876, 0.7306488156318665, 0.4107353091239929, 0.14552664756774902, 0.3938652575016022, 0.5826587677001953, 0.06976573914289474, 0.17203263938426971, 0.41340094804763794, 0.6299411058425903, 0.5192766785621643, 0.37852102518081665, 0.16304707527160645, 0.8028927445411682, 0.08403175324201584, 0.26626092195510864, 0.2531002461910248, 0.6596668362617493, 0.2189941704273224, 1.3162307739257812
0.09695087373256683, 0.23216885328292847, 0.5091295838356018, 0.4825955629348755, 0.5286807417869568, 0.9699339866638184, 0.02213880978524685, 0.40460410714149475, 0.8763383030891418, 0.5149179100990295, 0.4005518853664398, 0.6760866045951843, 0.7909447550773621, 0.3763400912284851, 0.17655979096889496, 0.5278406739234924, 0.2891855537891388, 0.12467184662818909, 0.24482205510139465, 0.22724409401416779, 0.6541981101036072, 0.6662248969078064, 0.9356803894042969, 0.22796672582626343, 0.22653084993362427, 0.022562749683856964, 0.010666711255908012, 0.35584625601768494, 0.9367882609367371, 0.6615058779716492, 0.3531349301338196, 0.5899716019630432, 1.331554651260376
0.38447317481040955, 0.7416611313819885, 0.7849887609481812, 0.6859932541847229, 0.19342002272605896, 0.8950654864311218, 0.07648897171020508, 0.8929338455200195, 0.8590294718742371, 0.06610723584890366, 0.36473631858825684, 0.6833301186561584, 0.8015740513801575, 0.49277859926223755, 0.12762926518917084, 0.33969351649284363, 0.14032210409641266, 0.04593364894390106, 0.8791202306747437, 0.09697793424129486, 0.3383955657482147, 0.3553760349750519, 0.022894328460097313, 0.10628258436918259, 0.04325881600379944, 0.0519803948700428, 0.20400799810886383, 0.4467972218990326, 0.22505103051662445, 0.4801081717014313, 0.938572108745575, 0.9224711656570435, 1.3468213081359863
0.5051818490028381, 0.5975301265716553, 0.8359963297843933, 0.011971953324973583, 0.25903311371803284, 0.9931602478027344, 0.08065583556890488, 0.7002670168876648, 0.7412542104721069, 0.36479029059410095, 0.1675625890493393, 0.4821023643016815, 0.924673855304718, 0.957112193107605, 0.4154234230518341, 0.2902714014053345, 0.3870627284049988, 0.14305362105369568, 0.7077364921569824, 0.8277872800827026, 0.033325087279081345, 0.9326730966567993, 0.6884377598762512, 0.183005228638649, 0.04521099478006363, 0.6400803327560425, 0.10717310011386871, 0.2587425112724304, 0.9963412880897522, 0.5221378207206726, 0.42404139041900635, 0.8644505143165588, 1.3626508712768555
0.27902349829673767, 0.2122696489095688, 0.07969648391008377, 0.3085281252861023, 0.7881131768226624, 0.18431606888771057, 0.42659011483192444, 0.09707869589328766, 0.00010882091009989381, 0.5882324576377869, 0.8746991753578186, 0.6627501249313354, 0.9841933250427246, 0.1940634697675705, 0.25558701157569885, 0.8838189244270325, 0.7030612826347351, 0.5319247245788574, 0.5308550000190735, 0.17303535342216492, 0.620387613773346, 0.5134574174880981, 0.2933124303817749, 0.35932430624961853, 0.06791660934686661, 0.8553494215011597, 0.28792792558670044, 0.5925071835517883, 0.2767179310321808, 0.767185628414154, 0.4451587498188019, 0.7846283316612244, 1.3778061866760254
0.23921173810958862, 0.6700045466423035, 0.8699671030044556, 0.9153493642807007, 0.2069845199584961, 0.015356105752289295, 0.1985478401184082, 0.7340191602706909, 0.16489405930042267, 0.5814675092697144, 0.3877050578594208, 0.6157565116882324, 0.6359105706214905, 0.7339071035385132, 0.3234488070011139, 0.13460136950016022, 0.4693034291267395, 0.019021568819880486, 0.9052590131759644, 0.38633644580841064, 0.8542802333831787, 0.5765616297721863, 0.3596619963645935, 0.8265107870101929, 0.7718874216079712, 0.3610745370388031, 0.5417857766151428, 0.8337256908416748, 0.3479112684726715, 0.04580502212047577, 0.7557851076126099, 0.34498345851898193, 1.3937532901763916
0.3100319504737854, 0.5174555778503418, 0.051585953682661057, 0.56468266248703, 0.07768768817186356, 0.3675121068954468, 0.6318069100379944, 0.3511306643486023, 0.9810770153999329, 0.838312566280365, 0.7815806269645691, 0.28044283390045166, 0.06553704291582108, 0.8858370780944824, 0.9861341118812561, 0.20773594081401825, 0.40787774324417114, 0.2375268042087555, 0.11724510043859482, 0.3392457664012909, 0.4921516180038452, 0.6100819110870361, 0.21066579222679138, 0.28803133964538574, 0.2997017800807953, 0.7963652610778809, 0.35276341438293457, 0.8022199273109436, 0.8212487697601318, 0.9919367432594299, 0.08910415321588516, 0.3480677604675293, 1.4094221591949463
0.8244655728340149, 0.2591310441493988, 0.35484084486961365, 0.17954759299755096, 0.4222363233566284, 0.8348485827445984, 0.25095441937446594, 0.6883378624916077, 0.8328925967216492, 0.9019841551780701, 0.5516917109489441, 0.10272038727998734, 0.5863378643989563, 0.6937594413757324, 0.8476478457450867, 0.6809956431388855, 0.9210074543952942, 0.8505809307098389, 0.16467033326625824, 0.31292662024497986, 0.5889909863471985, 0.12893842160701752, 0.9563330411911011, 0.16521070897579193, 0.7721139192581177, 0.35627636313438416, 0.935920000076294, 0.785032331943512, 0.9957207441329956, 0.37119191884994507, 0.25329357385635376, 0.9147957563400269, 1.4251301288604736
0.02262265980243683, 0.6778043508529663, 0.3948979079723358, 0.5734586715698242, 0.6830418705940247, 0.2130064070224762, 0.5388294458389282, 0.45881015062332153, 0.4989469349384308, 0.9510613083839417, 0.34969329833984375, 0.3113493323326111, 0.8137202262878418, 0.35632556676864624, 0.781683623790741, 0.11176415532827377, 0.9899887442588806, 0.7736334204673767, 0.03044525533914566, 0.40279486775398254, 0.9211216568946838, 0.6146562099456787, 0.6655600666999817, 0.1573488414287567, 0.25764647126197815, 0.7638299465179443, 0.22392861545085907, 0.6479149460792542, 0.09761619567871094, 0.19131946563720703, 0.2518167793750763, 0.7691068053245544, 1.441244125366211
0.528483510017395, 0.9388848543167114, 0.8483358025550842, 0.7141457796096802, 0.0551130548119545, 0.3404073715209961, 0.18073232471942902, 0.1926431953907013, 0.5487444996833801, 0.5629801154136658, 0.22234363853931427, 0.6009165048599243, 0.1394345909357071, 0.06334182620048523, 0.24517233669757843, 0.6461761593818665, 0.22734040021896362, 0.6682877540588379, 0.881222128868103, 0.8472887277603149, 0.9829670786857605, 0.030194886028766632, 0.9912450909614563, 0.477504163980484, 0.9789704084396362, 0.5213066339492798, 0.21420763432979584, 0.5133244395256042, 0.17438067495822906, 0.5330733060836792, 0.09730532020330429, 0.07352902740240097, 1.4561517238616943
0.7725112438201904, 0.48687484860420227, 0.3708394169807434, 0.8630496859550476, 0.35750439763069153, 0.2790922522544861, 0.24439986050128937, 0.8083517551422119, 0.7394956350326538, 0.6496625542640686, 0.96245276927948, 0.33856144547462463, 0.24919575452804565, 0.8576552271842957, 0.9870728254318237, 0.5389249920845032, 0.006457275710999966, 0.7316967248916626, 0.346127450466156, 0.49767187237739563, 0.19282391667366028, 0.11287908256053925, 0.44541335105895996, 0.6613551378250122, 0.5176963806152344, 0.17053388059139252, 0.4505913555622101, 0.12917187809944153, 0.9274682998657227, 0.05058038607239723, 0.7805817127227783, 0.762764573097229, 1.4713506698608398
0.060206618160009384, 0.7595776915550232, 0.642999529838562, 0.7517957091331482, 0.3184290826320648, 0.8259807229042053, 0.70899897813797, 0.5162980556488037, 0.6012388467788696, 0.9551498293876648, 0.45655566453933716, 0.39985984563827515, 0.09937171638011932, 0.8848793506622314, 0.8153670430183411, 0.0914672389626503, 0.7641896605491638, 0.7537434697151184, 0.08515269309282303, 0.5938559174537659, 0.47400638461112976, 0.005017376504838467, 0.322173535823822, 0.09897540509700775, 0.9347883462905884, 0.22525443136692047, 0.6853029727935791, 0.18926382064819336, 0.1608721911907196, 0.4214854836463928, 0.6715914607048035, 0.38934555649757385, 1.4864516258239746
0.7824415564537048, 0.003477908670902252, 0.26083067059516907, 0.835369348526001, 0.42876750230789185, 0.8123226165771484, 0.55243319272995, 0.9792183041572571, 0.42422792315483093, 0.7197121381759644, 0.8728866577148438, 0.6621506810188293, 0.42699357867240906, 0.8189125657081604, 0.3672093451023102, 0.8428845405578613, 0.3879731297492981, 0.3593342900276184, 0.3113033175468445, 0.8935464024543762, 0.47058194875717163, 0.16893336176872253, 0.21427308022975922, 0.9798832535743713, 0.7815138697624207, 0.880272626876831, 0.7702113389968872, 0.6683722138404846, 0.4355045258998871, 0.8319767713546753, 0.7663238644599915, 0.0497543029487133, 1.501784324645996
0.72124183177948, 0.1609085649251938, 0.4772052764892578, 0.7591019868850708, 0.9306050539016724, 0.6297035813331604, 0.8747915625572205, 0.09681850671768188, 0.21559064090251923, 0.811124861240387, 0.872657299041748, 0.45348191261291504, 0.27471160888671875, 0.3969882130622864, 0.4963178336620331, 0.743182897567749, 0.7985846996307373, 0.9181528091430664, 0.041757166385650635, 0.14810490608215332, 0.22426755726337433, 0.18624292314052582, 0.84865802526474, 0.8496192097663879, 0.9038011431694031, 0.7377301454544067, 0.8520203828811646, 0.6762606501579285, 0.8751611113548279, 0.9219781160354614, 0.9697408676147461, 0.8850230574607849, 1.5169458389282227
0.037908002734184265, 0.6571146249771118, 0.402662992477417, 0.3795316517353058, 0.7588629722595215, 0.7839228510856628, 0.9207413196563721, 0.3563600480556488, 0.4995098114013672, 0.416362464427948, 0.28695598244667053, 0.46704497933387756, 0.9505025148391724, 0.1944485604763031, 0.21131017804145813, 0.7775624394416809, 0.8548969030380249, 0.8875491619110107, 0.16520006954669952, 0.7168093919754028, 0.5908116698265076, 0.9207707047462463, 0.7508596181869507, 0.30813950300216675, 0.10841125249862671, 0.5515419840812683, 0.710453450679779, 0.49166786670684814, 0.33063173294067383, 0.7477521896362305, 0.3661416172981262, 0.8051114678382874, 1.5320873260498047
0.9415233135223389, 0.8856381773948669, 0.1509450376033783, 0.2443149834871292, 0.0733538344502449, 0.11764664947986603, 0.31626269221305847, 0.8272030353546143, 0.8066211342811584, 0.06301342695951462, 0.6974546909332275, 0.13675262033939362, 0.08555443584918976, 0.7097092866897583, 0.07082965224981308, 0.04463188722729683, 0.58933424949646, 0.6510325074195862, 0.45117902755737305, 0.3500823676586151, 0.27974531054496765, 0.7922382354736328, 0.062043510377407074, 0.916928768157959, 0.9912049174308777, 0.10480692237615585, 0.22903302311897278, 0.3889079988002777, 0.6831436157226562, 0.16923236846923828, 0.02695367857813835, 0.27641305327415466, 1.5474598407745361
0.508516252040863, 0.6371216773986816, 0.9804198145866394, 0.30498090386390686, 0.6434396505355835, 0.6633561849594116, 0.8910738825798035, 0.5099208354949951, 0.811099112033844, 0.3721177577972412, 0.8222692012786865, 0.3617634177207947, 0.12475883215665817, 0.947076141834259, 0.10654257982969284, 0.6063191294670105, 0.03128702938556671, 0.6694456934928894, 0.14779478311538696, 0.1348254382610321, 0.0786348283290863, 0.6697359085083008, 0.2704906165599823, 0.18712648749351501, 0.5341106057167053, 0.9147973656654358, 0.34379297494888306, 0.7792182564735413, 0.5247488617897034, 0.8957991003990173, 0.5022685527801514, 0.6166816353797913, 1.5629584789276123
0.6128527522087097, 0.6091293692588806, 0.9219536781311035, 0.3431706428527832, 0.07063379138708115, 0.7962607741355896, 0.6361073851585388, 0.44947636127471924, 0.7437570095062256, 0.17234262824058533, 0.46081385016441345, 0.1504732072353363, 0.7871734499931335, 0.9829416871070862, 0.43558523058891296, 0.8149691820144653, 0.31073054671287537, 0.37174567580223083, 0.015547201968729496, 0.8603400588035583, 0.7806529998779297, 0.6120556592941284, 0.4025082588195801, 0.3112812340259552, 0.8577296137809753, 0.8774934411048889, 0.038346562534570694, 0.7568497061729431, 0.9282245635986328, 0.40265291929244995, 0.4951353669166565, 0.024018749594688416, 1.578355073928833
0.4852138161659241, 0.5278900265693665, 0.7590097784996033, 0.050460923463106155, 0.8487771153450012, 0.1320888251066208, 0.20314748585224152, 0.8352466225624084, 0.9000495672225952, 0.21078959107398987, 0.31281137466430664, 0.8597464561462402, 0.675990641117096, 0.800167977809906, 0.3405130207538605, 0.33188140392303467, 0.982236921787262, 0.401271253824234, 0.37474626302719116, 0.17875418066978455, 0.6600464582443237, 0.8781201243400574, 0.27742239832878113, 0.07737863808870316, 0.5913021564483643, 0.12653294205665588, 0.7559452056884766, 0.7264421582221985, 0.21944931149482727, 0.8855537176132202, 0.520099401473999, 0.18500518798828125, 1.5935068130493164
0.8406303524971008, 0.38739362359046936, 0.6985113620758057, 0.39686697721481323, 0.6642227172851562, 0.5478232502937317, 0.2718363106250763, 0.8178370594978333, 0.26795893907546997, 0.14753082394599915, 0.7026460766792297, 0.12412780523300171, 0.4686853289604187, 0.13860243558883667, 0.9510878920555115, 0.5943658351898193, 0.9842954874038696, 0.7942379713058472, 0.351735383272171, 0.6844121217727661, 0.8946949243545532, 0.03547237813472748, 0.0006214325549080968, 0.830848753452301, 0.45952221751213074, 0.6902878880500793, 0.6349313259124756, 0.5946931838989258, 0.46224522590637207, 0.6409286260604858, 0.6852803230285645, 0.762684166431427, 1.6088299751281738
0.7750889658927917, 0.3242638111114502, 0.2701057195663452, 0.6882298588752747, 0.43570178747177124, 0.29182371497154236, 0.23346908390522003, 0.5891347527503967, 0.2697281539440155, 0.5065054893493652, 0.559107780456543, 0.6602389812469482, 0.16328071057796478, 0.7914543151855469, 0.8869144916534424, 0.037724241614341736, 0.36239272356033325, 0.5808955430984497, 0.027494095265865326, 0.7520861029624939, 0.2075207233428955, 0.5136759281158447, 0.3014940321445465, 0.7938427329063416, 0.6356440782546997, 0.7018246650695801, 0.3395439088344574, 0.36576807498931885, 0.30687594413757324, 0.01935776323080063, 0.9251870512962341, 0.1619826853275299, 1.6239871978759766
0.10938576608896255, 0.8287789821624756, 0.47685790061950684, 0.45732390880584717, 0.49815335869789124, 0.021222148090600967, 0.2795431613922119, 0.0902024433016777, 0.940270185470581, 0.9295526742935181, 0.7106279134750366, 0.7837844491004944, 0.490782231092453, 0.5589922666549683, 0.017406586557626724, 0.43859460949897766, 0.33822429180145264, 0.7649044394493103, 0.17546036839485168, 0.38514405488967896, 0.39414307475090027, 0.3812098205089569, 0.1642836630344391, 0.02135142683982849, 0.9052793383598328, 0.5509117841720581, 0.3728269636631012, 0.26508253812789917, 0.44376009702682495, 0.7069256901741028, 0.376979261636734, 0.16029079258441925, 1.6398124694824219
0.4937211275100708, 0.4718504548072815, 0.4794888198375702, 0.7254012227058411, 0.24676737189292908, 0.010892128571867943, 0.5659107565879822, 0.663065493106842, 0.7929468154907227, 0.6431661248207092, 0.3037751615047455, 0.49822530150413513, 0.8707752227783203, 0.5615950226783752, 0.6822131276130676, 0.14748448133468628, 0.005913491826504469, 0.4050065875053406, 0.6699445843696594, 0.7281635403633118, 0.8144437670707703, 0.2230769544839859, 0.447746604681015, 0.6747536063194275, 0.20021389424800873, 0.34346896409988403, 0.9460717439651489, 0.5687341690063477, 0.6922914981842041, 0.8123058080673218, 0.45384910702705383, 0.36910170316696167, 1.655008316040039
0.7044353485107422, 0.10365580767393112, 0.41208645701408386, 0.14320430159568787, 0.8257337212562561, 0.15085983276367188, 0.23641876876354218, 0.6212169528007507, 0.667227566242218, 0.5323457717895508, 0.8956231474876404, 0.008313778787851334, 0.9937711358070374, 0.4800320565700531, 0.8379061222076416, 0.7036980390548706, 0.954216480255127, 0.2364996373653412, 0.4511973559856415, 0.4026767909526825, 0.45364251732826233, 0.23040656745433807, 0.2288205921649933, 0.3214758038520813, 0.3050830662250519, 0.6429895162582397, 0.3564181923866272, 0.7670309543609619, 0.2271851748228073, 0.1454979032278061, 0.64699786901474, 0.1213606670498848, 1.6703052520751953
0.25682350993156433, 0.8176373839378357, 0.5353514552116394, 0.10061201453208923, 0.3014182150363922, 0.35606661438941956, 0.1444580852985382, 0.3430401086807251, 0.047615524381399155, 0.3579201102256775, 0.11449078470468521, 0.8876898884773254, 0.7973610758781433, 0.041847504675388336, 0.8922287225723267, 0.20465709269046783, 0.0024831965565681458, 0.21170875430107117, 0.1975782811641693, 0.600469172000885, 0.6109066009521484, 0.6553666591644287, 0.44133952260017395, 0.5890343189239502, 0.18035174906253815, 0.9801561832427979, 0.9570547342300415, 0.5652427077293396, 0.8930584788322449, 0.6835110187530518, 0.7078496813774109, 0.38737571239471436, 1.6853761672973633
0.41950082778930664, 0.8066158294677734, 0.6521381139755249, 0.7972835898399353, 0.0025942730717360973, 0.005522039253264666, 0.7355380654335022, 0.7818138003349304, 0.6592617630958557, 0.09699469059705734, 0.7536956071853638, 0.6496129035949707, 0.4190089702606201, 0.8329179286956787, 0.68446284532547, 0.761691689491272, 0.47164320945739746, 0.021044282242655754, 0.3211279809474945, 0.39702025055885315, 0.29510030150413513, 0.4290904104709625, 0.3774143159389496, 0.34545543789863586, 0.9059008955955505, 0.5521759986877441, 0.7628323435783386, 0.5032060146331787, 0.5426413416862488, 0.040111321955919266, 0.5771113038063049, 0.5364930033683777, 1.7005245685577393
0.6520196795463562, 0.5626605749130249, 0.8296236395835876, 0.5737406611442566, 0.07152118533849716, 0.5559764504432678, 0.02860645391047001, 0.7248188853263855, 0.26376596093177795, 0.8886494636535645, 0.5562111139297485, 0.37116920948028564, 0.6670879125595093, 0.5186842083930969, 0.8610158562660217, 0.6341080665588379, 0.10365608334541321, 0.9662335515022278, 0.8755908012390137, 0.5095362663269043, 0.400496244430542, 0.4727054536342621, 0.6350306868553162, 0.9177843928337097, 0.2717997133731842, 0.44739970564842224, 0.7187570929527283, 0.881493330001831, 0.17521816492080688, 0.23920275270938873, 0.7330045104026794, 0.5670862793922424, 1.716320514678955
0.03295769542455673, 0.12762556970119476, 0.5459311008453369, 0.2875826060771942, 0.778199315071106, 0.7118774652481079, 0.22434884309768677, 0.47813788056373596, 0.2993106544017792, 0.9650857448577881, 0.26835423707962036, 0.33821964263916016, 0.9775213599205017, 0.906228244304657, 0.8708673715591431, 0.39675793051719666, 0.4311719238758087, 0.2610536515712738, 0.6211987137794495, 0.03149735927581787, 0.4823839068412781, 0.5705010890960693, 0.8925063014030457, 0.6110692024230957, 0.2407923936843872, 0.002301150467246771, 0.9430502653121948, 0.4084223508834839, 0.39160391688346863, 0.41684725880622864, 0.601127028465271, 0.21786177158355713, 1.7314932346343994
0.8167599439620972, 0.7308621406555176, 0.8235087394714355, 0.037391744554042816, 0.6673890352249146, 0.0203134436160326, 0.7909966707229614, 0.06423521041870117, 0.05255230888724327, 0.1910087764263153, 0.0864553228020668, 0.6642166376113892, 0.22126926481723785, 0.444824755191803, 0.280673086643219, 0.6467618942260742, 0.18174387514591217, 0.20730867981910706, 0.5231947898864746, 0.9062201380729675, 0.007087801117449999, 0.02591595984995365, 0.42326071858406067, 0.7735862731933594, 0.039744988083839417, 0.5951828956604004, 0.662114679813385, 0.3938596248626709, 0.23412247002124786, 0.45937177538871765, 0.19600436091423035, 0.18640117347240448, 1.7467575073242188
0.3962184190750122, 0.6381361484527588, 0.06770166754722595, 0.4710790514945984, 0.22627802193164825, 0.021869748830795288, 0.7213872671127319, 0.5786536335945129, 0.37057191133499146, 0.8514910340309143, 0.27639931440353394, 0.1467932015657425, 0.9128851294517517, 0.7822534441947937, 0.734476625919342, 0.0032687929924577475, 0.6465045809745789, 0.8427295088768005, 0.6247722506523132, 0.4144180119037628, 0.7298446297645569, 0.7966744303703308, 0.17783889174461365, 0.7148903012275696, 0.19085346162319183, 0.5294950604438782, 0.8729333281517029, 0.7024698853492737, 0.6868434548377991, 0.11939407140016556, 0.46034005284309387, 0.19424349069595337, 1.761793851852417
0.021743280813097954, 0.2841384708881378, 0.21895483136177063, 0.18582135438919067, 0.6749983429908752, 0.5849604606628418, 0.9520807862281799, 0.629564642906189, 0.7012258768081665, 0.5320541858673096, 0.8119174242019653, 0.6121412515640259, 0.3128862977027893, 0.058352794498205185, 0.12745198607444763, 0.5740652084350586, 0.3048724830150604, 0.19515317678451538, 0.5781428813934326, 0.9567145109176636, 0.4057523310184479, 0.3664284348487854, 0.8207955360412598, 0.2598764896392822, 0.644309937953949, 0.5400919914245605, 0.03470051661133766, 0.1863587200641632, 0.10540042072534561, 0.6169990301132202, 0.28827813267707825, 0.9456182718276978, 1.7777128219604492
0.23783980309963226, 0.44604459404945374, 0.7554458379745483, 0.9468167424201965, 0.6841173768043518, 0.9948532581329346, 0.2862151265144348, 0.9719254374504089, 0.6280099153518677, 0.7434439659118652, 0.3862398862838745, 0.9326595067977905, 0.648953378200531, 0.4189349412918091, 0.3312235474586487, 0.5089125633239746, 0.5196272730827332, 0.44347861409187317, 0.8632069230079651, 0.8216968178749084, 0.7743549942970276, 0.5126041173934937, 0.5837594866752625, 0.9315113425254822, 0.07984781265258789, 0.21866892278194427, 0.5347181558609009, 0.15501193702220917, 0.07745973765850067, 0.9528244733810425, 0.47726181149482727, 0.6650221347808838, 1.793203353881836
0.7381070256233215, 0.17501428723335266, 0.08675908297300339, 0.6963502168655396, 0.00575949577614665, 0.9934712052345276, 0.22230936586856842, 0.9057796597480774, 0.515383780002594, 0.4171783924102783, 0.8622661232948303, 0.05891111120581627, 0.625633955001831, 0.7752320766448975, 0.022023186087608337, 0.7099763751029968, 0.5070385932922363, 0.14250260591506958, 0.8753323554992676, 0.895925760269165, 0.8881770372390747, 0.5416849255561829, 0.46793392300605774, 0.7535083889961243, 0.9227489829063416, 0.372183233499527, 0.05648550018668175, 0.2800161838531494, 0.38555610179901123, 0.6288007497787476, 0.12946288287639618, 0.7635887861251831, 1.8082175254821777
0.7202011942863464, 0.08581177890300751, 0.41216936707496643, 0.12923599779605865, 0.49378591775894165, 0.1581745147705078, 0.9090657830238342, 0.2786560654640198, 0.10498692095279694, 0.367192804813385, 0.8223669528961182, 0.2655428647994995, 0.12853282690048218, 0.5777813196182251, 0.7711398601531982, 0.07117459923028946, 0.23585769534111023, 0.5845972299575806, 0.8350193500518799, 0.6546817421913147, 0.2543892562389374, 0.8421753644943237, 0.5392897725105286, 0.5610871911048889, 0.3471467196941376, 0.820296049118042, 0.1556970328092575, 0.484724760055542, 0.8716618418693542, 0.5270482897758484, 0.9058077335357666, 0.7653595209121704, 1.823472023010254
0.4297294318675995, 0.9557384252548218, 0.1399129331111908, 0.7446836829185486, 0.38567274808883667, 0.9947234392166138, 0.05640558525919914, 0.7167009711265564, 0.40624305605888367, 0.17330090701580048, 0.5975672006607056, 0.3539162278175354, 0.35901445150375366, 0.8517139554023743, 0.13458967208862305, 0.5488431453704834, 0.5738123059272766, 0.6823232173919678, 0.5869336724281311, 0.4572952091693878, 0.8077095150947571, 0.8048250675201416, 0.017712052911520004, 0.7210925221443176, 0.7676689028739929, 0.5500695109367371, 0.4029942750930786, 0.8091521263122559, 0.4768359661102295, 0.5526810884475708, 0.8376782536506653, 0.28542089462280273, 1.8384995460510254
0.2417115420103073, 0.3839304745197296, 0.714944064617157, 0.39783918857574463, 0.8951455354690552, 0.36885493993759155, 0.8776933550834656, 0.581896960735321, 0.9972382187843323, 0.5003272294998169, 0.3685859739780426, 0.37127041816711426, 0.0416259802877903, 0.18297149240970612, 0.15556326508522034, 0.9914053678512573, 0.9438314437866211, 0.4460412561893463, 0.00416654022410512, 0.6472154259681702, 0.3070107102394104, 0.7189980149269104, 0.7280429005622864, 0.0627942606806755, 0.8684629797935486, 0.12443935126066208, 0.6944263577461243, 0.6738400459289551, 0.48540011048316956, 0.5485658645629883, 0.6777788400650024, 0.4092482328414917, 1.8535010814666748
0.6455365419387817, 0.6788337230682373, 0.020776426419615746, 0.6320645213127136, 0.23187468945980072, 0.4781545400619507, 0.8914591073989868, 0.8668583035469055, 0.728381872177124, 0.2833302915096283, 0.28787219524383545, 0.5841261744499207, 0.4118213951587677, 0.37757787108421326, 0.18798485398292542, 0.884310245513916, 0.7634798884391785, 0.4663242995738983, 0.07177309691905975, 0.6915565133094788, 0.2029779851436615, 0.13511675596237183, 0.1587940752506256, 0.16898426413536072, 0.3246048390865326, 0.6057897806167603, 0.7213875651359558, 0.25321319699287415, 0.5523370504379272, 0.5066168904304504, 0.4688118100166321, 0.049645889550447464, 1.8694696426391602
0.7778899669647217, 0.35160356760025024, 0.8574694395065308, 0.13514775037765503, 0.47642838954925537, 0.03856357932090759, 0.8026890158653259, 0.9078735709190369, 0.18866539001464844, 0.4698215425014496, 0.30257293581962585, 0.8372957110404968, 0.11530807614326477, 0.6306854486465454, 0.3460564613342285, 0.12802016735076904, 0.4198584258556366, 0.9910977482795715, 0.5014485716819763, 0.12786173820495605, 0.7551231980323792, 0.012986739166080952, 0.049300000071525574, 0.23039306700229645, 0.07135789841413498, 0.12878532707691193, 0.6219513416290283, 0.011363128200173378, 0.5519649386405945, 0.3481600284576416, 0.931003987789154, 0.6434527039527893, 1.8852314949035645
0.7131847143173218, 0.6769254207611084, 0.9538267850875854, 0.9999627470970154, 0.24425840377807617, 0.7250969409942627, 0.8878220915794373, 0.3348327875137329, 0.5200673341751099, 0.5028761625289917, 0.5090539455413818, 0.1792832762002945, 0.4431190490722656, 0.5345256328582764, 0.7913637757301331, 0.4503937065601349, 0.051469191908836365, 0.6371243596076965, 0.9657827615737915, 0.12872512638568878, 0.06558284908533096, 0.5946311354637146, 0.8148592114448547, 0.07889501750469208, 0.44987279176712036, 0.9567859768867493, 0.54975426197052, 0.9629462361335754, 0.29237326979637146, 0.47360092401504517, 0.9941198229789734, 0.0669373944401741, 1.9002315998077393
0.973446249961853, 0.9225612282752991, 0.813377857208252, 0.4912774860858917, 0.8678812980651855, 0.14394953846931458, 0.722098171710968, 0.8698862791061401, 0.3933711349964142, 0.2614237666130066, 0.3119681775569916, 0.515373945236206, 0.853315532207489, 0.45539039373397827, 0.6072459816932678, 0.2124120146036148, 0.44672098755836487, 0.7169814109802246, 0.13321007788181305, 0.2300376296043396, 0.1474413424730301, 0.3950617015361786, 0.26745542883872986, 0.41553235054016113, 0.9007455110549927, 0.24364808201789856, 0.6670860052108765, 0.17438222467899323, 0.8884460926055908, 0.07305821776390076, 0.678048312664032, 0.25723564624786377, 1.915264368057251
0.036373429000377655, 0.9291251301765442, 0.022843079641461372, 0.3747435510158539, 0.31625795364379883, 0.32500138878822327, 0.33098021149635315, 0.9705323576927185, 0.7166013717651367, 0.7846270203590393, 0.644422173500061, 0.35255372524261475, 0.6694542169570923, 0.7146365642547607, 0.7435195446014404, 0.5655986070632935, 0.09709113091230392, 0.5653640031814575, 0.5180938839912415, 0.049206823110580444, 0.43915173411369324, 0.17410530149936676, 0.432856023311615, 0.7485040426254272, 0.8723227977752686, 0.5143179893493652, 0.890494167804718, 0.3609454035758972, 0.431674987077713, 0.0542103573679924, 0.7044591903686523, 0.8062172532081604, 1.9312338829040527
0.7631912231445312, 0.7209123969078064, 0.8593812584877014, 0.2884959876537323, 0.2660234868526459, 0.5060406923294067, 0.5962080359458923, 0.16043826937675476, 0.9966477751731873, 0.6275027394294739, 0.7722617983818054, 0.5093948245048523, 0.48459476232528687, 0.9131053686141968, 0.7108010053634644, 0.8757142424583435, 0.6580883264541626, 0.3156209886074066, 0.31249138712882996, 0.5562900900840759, 0.28192493319511414, 0.1770375370979309, 0.8125437498092651, 0.854651927947998, 0.2317899912595749, 0.8150584697723389, 0.40357738733291626, 0.31145498156547546, 0.07877817004919052, 0.13611678779125214, 0.4104694724082947, 0.6165348291397095, 1.94626784324646
0.9790410399436951, 0.8156548142433167, 0.2538057863712311, 0.2897050380706787, 0.878896176815033, 0.3304572105407715, 0.1640467792749405, 0.1836882382631302, 0.9383828639984131, 0.25395750999450684, 0.8147090077400208, 0.2885704040527344, 0.7823217511177063, 0.49712684750556946, 0.19412273168563843, 0.33702343702316284, 0.34249088168144226, 0.2589133083820343, 0.00551769882440567, 0.03566066175699234, 0.5291385054588318, 0.21212226152420044, 0.19972774386405945, 0.11643640697002411, 0.22641056776046753, 0.7323752045631409, 0.32158252596855164, 0.6616467237472534, 0.2492615282535553, 0.5443607568740845, 0.6238919496536255, 0.3291788697242737, 1.962233304977417
0.7012183666229248, 0.9120916724205017, 0.529929518699646, 0.08582552522420883, 0.45269444584846497, 0.6775601506233215, 0.3690505623817444, 0.5394125580787659, 0.0246569961309433, 0.5824759602546692, 0.8121518492698669, 0.49661505222320557, 0.20656639337539673, 0.13944311439990997, 0.07096061110496521, 0.7020570039749146, 0.23711517453193665, 0.08382382243871689, 0.7367113828659058, 0.29265156388282776, 0.6737769246101379, 0.3597145080566406, 0.9018988013267517, 0.9383445382118225, 0.1837674379348755, 0.6272816061973572, 0.8510488271713257, 0.3421657383441925, 0.7313404679298401, 0.12808935344219208, 0.9450321793556213, 0.22379961609840393, 1.977367877960205
0.21693338453769684, 0.018089422956109047, 0.805052638053894, 0.10246571153402328, 0.9439622759819031, 0.6305803656578064, 0.4160532057285309, 0.4840749204158783, 0.1675325632095337, 0.5544262528419495, 0.1511680632829666, 0.48116329312324524, 0.6446667313575745, 0.675959050655365, 0.14181804656982422, 0.4734170734882355, 0.36400213837623596, 0.7325008511543274, 0.6475478410720825, 0.07278554141521454, 0.26966872811317444, 0.8660727143287659, 0.6564223170280457, 0.6206149458885193, 0.8870668411254883, 0.5234922170639038, 0.8674313426017761, 0.6638103723526001, 0.757315456867218, 0.4225494861602783, 0.9833338260650635, 0.7874370813369751, 1.9927349090576172
0.6282868981361389, 0.007347095757722855, 0.10006711632013321, 0.029637331143021584, 0.15944179892539978, 0.9206497073173523, 0.3617869019508362, 0.31229665875434875, 0.22410008311271667, 0.46782687306404114, 0.20297709107398987, 0.5763256549835205, 0.07741832733154297, 0.6312291622161865, 0.025160327553749084, 0.12383218109607697, 0.6452491283416748, 0.30898526310920715, 0.2337670773267746, 0.7852082848548889, 0.861943244934082, 0.5150633454322815, 0.8484905362129211, 0.10085485130548477, 0.8256775736808777, 0.04560600221157074, 0.04165387153625488, 0.6865957975387573, 0.7820652723312378, 0.7298779487609863, 0.19038237631320953, 0.9745561480522156, 2.0082638263702393
0.5977752208709717, 0.43125900626182556, 0.8513774275779724, 0.09780658781528473, 0.7206183671951294, 0.5619369745254517, 0.21542690694332123, 0.33479243516921997, 0.30212101340293884, 0.7518907785415649, 0.8546898365020752, 0.5437366366386414, 0.2669052481651306, 0.43663227558135986, 0.2516712248325348, 0.37477824091911316, 0.6873174905776978, 0.8283301591873169, 0.6509224772453308, 0.6498945355415344, 0.804209291934967, 0.14477042853832245, 0.9994707703590393, 0.850138247013092, 0.5888640284538269, 0.31176549196243286, 0.40426090359687805, 0.07090791314840317, 0.6337620615959167, 0.1254127025604248, 0.7817284464836121, 0.2662167549133301, 2.0236399173736572
0.0077539049088954926, 0.6968076825141907, 0.9899188280105591, 0.047678083181381226, 0.46902117133140564, 0.16728761792182922, 0.7257996797561646, 0.9157945513725281, 0.5276122689247131, 0.30890557169914246, 0.19235199689865112, 0.19303178787231445, 0.11098115891218185, 0.6124051213264465, 0.6417338848114014, 0.6434077620506287, 0.8813602328300476, 0.10546314716339111, 0.8906887173652649, 0.12218014895915985, 0.15983982384204865, 0.6311017870903015, 0.298717200756073, 0.5970284938812256, 0.40170732140541077, 0.8924928307533264, 0.9962676167488098, 0.49282321333885193, 0.5376021862030029, 0.5959226489067078, 0.6848464012145996, 0.8882158994674683, 2.0388901233673096
0.6969454884529114, 0.34716880321502686, 0.14702124893665314, 0.44144946336746216, 0.04691476374864578, 0.1081656962633133, 0.3332313895225525, 0.8963216543197632, 0.973431408405304, 0.054197393357753754, 0.06568914651870728, 0.16736909747123718, 0.4893284738063812, 0.30806782841682434, 0.35798078775405884, 0.09002796560525894, 0.6944950819015503, 0.517958402633667, 0.9549482464790344, 0.04067410156130791, 0.7239068746566772, 0.013501598499715328, 0.02976260520517826, 0.49612170457839966, 0.8369163274765015, 0.6859025359153748, 0.4838114380836487, 0.1778295785188675, 0.5705071687698364, 0.9969449639320374, 0.7705759406089783, 0.6656408905982971, 2.0546300411224365
0.7994980216026306, 0.2657066583633423, 0.5232149958610535, 0.8310606479644775, 0.45070675015449524, 0.8118094205856323, 0.9242926836013794, 0.10337844491004944, 0.39788711071014404, 0.44292232394218445, 0.8635485172271729, 0.5040767192840576, 0.8496018648147583, 0.3709495961666107, 0.33521768450737, 0.5082098245620728, 0.9667945504188538, 0.9226783514022827, 0.5823161005973816, 0.5859026312828064, 0.8286774754524231, 0.2558244466781616, 0.14862500131130219, 0.6432066559791565, 0.25740504264831543, 0.6609237194061279, 0.6273223161697388, 0.7549119591712952, 0.18151478469371796, 0.8127155900001526, 0.4447994530200958, 0.4131860136985779, 2.0698556900024414
0.005777495913207531, 0.5604537129402161, 0.35450536012649536, 0.3032938241958618, 0.37391552329063416, 0.3271551728248596, 0.7655695080757141, 0.6503050327301025, 0.4154501259326935, 0.12435291707515717, 0.1109473779797554, 0.9787777662277222, 0.6841891407966614, 0.4722897708415985, 0.5486235618591309, 0.3172571361064911, 0.6828929781913757, 0.9895573854446411, 0.7826420664787292, 0.8944308757781982, 0.7114973664283752, 0.8336456418037415, 0.8699013590812683, 0.48296383023262024, 0.21942341327667236, 0.8813115358352661, 0.7474315762519836, 0.22355370223522186, 0.1766269952058792, 0.04636703059077263, 0.8246919512748718, 0.35873943567276, 2.0849685668945312
0.5281049609184265, 0.7751195430755615, 0.7182263731956482, 0.4376486837863922, 0.4109744727611542, 0.25056585669517517, 0.704023540019989, 0.2524429261684418, 0.8594716787338257, 0.16859355568885803, 0.010843667201697826, 0.3324916660785675, 0.7366434335708618, 0.6958680748939514, 0.5530261993408203, 0.8742045164108276, 0.29782721400260925, 0.07768384367227554, 0.8019139170646667, 0.6975800395011902, 0.25396502017974854, 0.1779264509677887, 0.015126406215131283, 0.36518171429634094, 0.06831156462430954, 0.5922623872756958, 0.5776242613792419, 0.6125783920288086, 0.5316604375839233, 0.9751269817352295, 0.6480546593666077, 0.5214789509773254, 2.1001553535461426
0.21392400562763214, 0.3280908167362213, 0.6767842173576355, 0.9353611469268799, 0.10378682613372803, 0.5977551937103271, 0.3357272446155548, 0.43025901913642883, 0.3569996953010559, 0.5545473098754883, 0.6654854416847229, 0.5644425749778748, 0.13180561363697052, 0.9660146236419678, 0.33205854892730713, 0.2598336338996887, 0.03565164655447006, 0.20871135592460632, 0.6482298970222473, 0.5668330192565918, 0.19277437031269073, 0.3420504927635193, 0.7533108592033386, 0.564709484577179, 0.3826194703578949, 0.498984158039093, 0.7962808609008789, 0.4049084782600403, 0.021470408886671066, 0.6547273397445679, 0.13963063061237335, 0.3477148711681366, 2.115187883377075
0.3582827150821686, 0.7348847389221191, 0.7813587188720703, 0.06472138315439224, 0.3928810954093933, 0.4197198450565338, 0.8683453798294067, 0.8288084268569946, 0.43636342883110046, 0.6021444201469421, 0.7976793646812439, 0.4208047688007355, 0.7513357400894165, 0.13932441174983978, 0.23961792886257172, 0.34948766231536865, 0.2840940058231354, 0.30626359581947327, 0.779062807559967, 0.12838998436927795, 0.8722367286682129, 0.69496089220047, 0.37139421701431274, 0.28852295875549316, 0.4699576795101166, 0.5102967619895935, 0.9924046397209167, 0.7320864200592041, 0.91759192943573, 0.6664103269577026, 0.3622661828994751, 0.4051523208618164, 2.13073992729187
0.4178004562854767, 0.40906020998954773, 0.708808183670044, 0.9762206077575684, 0.004064355511218309, 0.12311304360628128, 0.163270503282547, 0.5778123736381531, 0.563007116317749, 0.15813878178596497, 0.6834368109703064, 0.6509350538253784, 0.8760066032409668, 0.10412417352199554, 0.9701910614967346, 0.6367343068122864, 0.9798330664634705, 0.9681221842765808, 0.3844466805458069, 0.4588763117790222, 0.5375833511352539, 0.5805136561393738, 0.8459452390670776, 0.4465155601501465, 0.23091988265514374, 0.5698947906494141, 0.11999274790287018, 0.38318291306495667, 0.5747445225715637, 0.5355305671691895, 0.7395458221435547, 0.9198669791221619, 2.1464667320251465
0.29374638199806213, 0.1305842101573944, 0.3023878335952759, 0.8888223171234131, 0.030362006276845932, 0.6512660980224609, 0.2493332177400589, 0.054861344397068024, 0.40489497780799866, 0.9878906011581421, 0.4818010926246643, 0.0198126882314682, 0.6491578817367554, 0.6882146596908569, 0.5746886134147644, 0.4049699008464813, 0.040113434195518494, 0.7226583957672119, 0.13899101316928864, 0.27036046981811523, 0.5965641140937805, 0.8434610962867737, 0.39584848284721375, 0.32899919152259827, 0.8610336184501648, 0.044505856931209564, 0.3294687271118164, 0.3793695867061615, 0.7089118361473083, 0.1592281609773636, 0.07540088146924973, 0.172304168343544, 2.1615841388702393
0.8881499767303467, 0.2299535572528839, 0.02255542390048504, 0.43915224075317383, 0.12265917658805847, 0.4543445110321045, 0.5711719989776611, 0.5605463981628418, 0.7682377099990845, 0.4451827108860016, 0.750024139881134, 0.6587256789207458, 0.995923638343811, 0.17149938642978668, 0.8258374929428101, 0.5001821517944336, 0.25021958351135254, 0.7471181750297546, 0.6209732294082642, 0.07298140227794647, 0.49943578243255615, 0.30421182513237, 0.46098482608795166, 0.590143620967865, 0.8469741940498352, 0.22975601255893707, 0.7150150537490845, 0.17330031096935272, 0.36533069610595703, 0.6369733810424805, 0.9771509170532227, 0.4128143787384033, 2.176764488220215
0.8196150660514832, 0.3654525578022003, 0.9743809103965759, 0.48798003792762756, 0.36667343974113464, 0.34620141983032227, 0.19499914348125458, 0.6504045128822327, 0.21022309362888336, 0.029093416407704353, 0.5217599272727966, 0.46731704473495483, 0.7889923453330994, 0.5993983149528503, 0.6459601521492004, 0.6693010926246643, 0.3941273093223572, 0.5607741475105286, 0.7947849631309509, 0.346803218126297, 0.3358215093612671, 0.02714688330888748, 0.48247089982032776, 0.777503252029419, 0.9882220029830933, 0.22000864148139954, 0.09343640506267548, 0.6920014023780823, 0.9494940042495728, 0.662065327167511, 0.5485820770263672, 0.6500866413116455, 2.1919291019439697
0.567706823348999, 0.3798981308937073, 0.6405163407325745, 0.13900472223758698, 0.38199836015701294, 0.838204562664032, 0.08204974979162216, 0.7466248869895935, 0.9225512146949768, 0.7203540205955505, 0.9175721406936646, 0.7810577154159546, 0.5904712677001953, 0.9318424463272095, 0.95594722032547, 0.3426457345485687, 0.3473339378833771, 0.4148145914077759, 0.4807654023170471, 0.7746246457099915, 0.25723996758461, 0.6571760773658752, 0.3677941560745239, 0.65179842710495, 0.1788516789674759, 0.845851719379425, 0.527421772480011, 0.3638226389884949, 0.14129143953323364, 0.3561870753765106, 0.3047619163990021, 0.32499489188194275, 2.20731258392334
0.2652755379676819, 0.8867183923721313, 0.7401478290557861, 0.13311941921710968, 0.8262109160423279, 0.5401736497879028, 0.8120782375335693, 0.0508694127202034, 0.31136584281921387, 0.45629337430000305, 0.6228185892105103, 0.006984787527471781, 0.5929247736930847, 0.8779136538505554, 0.3723101317882538, 0.052908755838871, 0.19424597918987274, 0.9309219121932983, 0.16258089244365692, 0.7262764573097229, 0.08158944547176361, 0.6617227792739868, 1.1185346920683514e-05, 0.5679898858070374, 0.4165274202823639, 0.21292832493782043, 0.704874575138092, 0.5360667705535889, 0.5328040719032288, 0.33628368377685547, 0.11119508743286133, 0.5214395523071289, 2.2224254608154297
0.3910427391529083, 0.37531161308288574, 0.11155571788549423, 0.30379030108451843, 0.3346875011920929, 0.9133480191230774, 0.5083585381507874, 0.46228259801864624, 0.9140616059303284, 0.9984809756278992, 0.6112200617790222, 0.3308350145816803, 0.6754761934280396, 0.487378865480423, 0.5185772180557251, 0.7685546278953552, 0.997612476348877, 0.435463011264801, 0.15258626639842987, 0.8728144764900208, 0.5751203298568726, 0.8757700324058533, 0.5274630188941956, 0.3424888849258423, 0.030736807733774185, 0.5409122109413147, 0.5598675608634949, 0.8903506994247437, 0.6418572068214417, 0.6545129418373108, 0.24210481345653534, 0.32874125242233276, 2.237591028213501
0.6377291679382324, 0.819398820400238, 0.3644535541534424, 0.839390754699707, 0.08331502228975296, 0.20491674542427063, 0.13074110448360443, 0.7064832448959351, 0.07997491955757141, 0.7530115842819214, 0.4430471360683441, 0.07877278327941895, 0.4205533564090729, 0.42498332262039185, 0.46798351407051086, 0.31339389085769653, 0.33090224862098694, 0.8790205717086792, 0.474028617143631, 0.4346618354320526, 0.30101194977760315, 0.9025883078575134, 0.4513359069824219, 0.5024412870407104, 0.903175950050354, 0.5991347432136536, 0.6586804986000061, 0.5418457984924316, 0.010603846050798893, 0.08287211507558823, 0.19516468048095703, 0.12142698466777802, 2.2529196739196777
0.3994392454624176, 0.5273606777191162, 0.8755415081977844, 0.004937279503792524, 0.4002686142921448, 0.418830931186676, 0.29587993025779724, 0.0146305738016963, 0.4516734182834625, 0.19204121828079224, 0.01034664735198021, 0.08592710644006729, 0.2309841513633728, 0.44110584259033203, 0.5977675914764404, 0.4337853789329529, 0.09439510852098465, 0.5159543752670288, 0.7981888651847839, 0.6634953022003174, 0.19142070412635803, 0.07887554913759232, 0.4525063633918762, 0.6446548104286194, 0.1615593582391739, 0.008580532856285572, 0.09240047633647919, 0.14612899720668793, 0.27994322776794434, 0.9519568085670471, 0.7042076587677002, 0.04928155243396759, 2.2685160636901855
0.03380901366472244, 0.5276424288749695, 0.011736017651855946, 0.7012404799461365, 0.9896480441093445, 0.48300719261169434, 0.22662128508090973, 0.6605068445205688, 0.8343601822853088, 0.5070934295654297, 0.1884957104921341, 0.44266217947006226, 0.5738043189048767, 0.2542005777359009, 0.27062907814979553, 0.07949547469615936, 0.49326080083847046, 0.7830796241760254, 0.6373937129974365, 0.44869303703308105, 0.8690723776817322, 0.8647924661636353, 0.5523166656494141, 0.5962622165679932, 0.3526381552219391, 0.5702951550483704, 0.3165307641029358, 0.648741602897644, 0.38417676091194153, 0.8715888261795044, 0.6257855296134949, 0.6739262342453003, 2.2838292121887207
0.8470714092254639, 0.6920305490493774, 0.8468303084373474, 0.23648770153522491, 0.9451759457588196, 0.030103709548711777, 0.11003699898719788, 0.3791951537132263, 0.6704280376434326, 0.1519814431667328, 0.31618648767471313, 0.9550493955612183, 0.04715178161859512, 0.9262039661407471, 0.6766876578330994, 0.5916652679443359, 0.34650227427482605, 0.2345527708530426, 0.7248704433441162, 0.002217663684859872, 0.45567911863327026, 0.4291936159133911, 0.41902440786361694, 0.5971670746803284, 0.24147260189056396, 0.8268905282020569, 0.6305535435676575, 0.1387024074792862, 0.873184323310852, 0.9543218612670898, 0.3208341896533966, 0.4187583029270172, 2.29896879196167
0.18444469571113586, 0.7643922567367554, 0.37554100155830383, 0.6551353335380554, 0.6358288526535034, 0.6783490180969238, 0.5337302088737488, 0.3150494396686554, 0.47865059971809387, 0.2809080183506012, 0.7255430817604065, 0.26300403475761414, 0.6261955499649048, 0.5025784969329834, 0.060496944934129715, 0.8966755270957947, 0.016302188858389854, 0.7811477184295654, 0.48358213901519775, 0.01612045243382454, 0.9085147380828857, 0.5877398252487183, 0.5397979021072388, 0.0907868891954422, 0.24991418421268463, 0.16770897805690765, 0.7247896194458008, 0.11008249223232269, 0.7484461665153503, 0.7809740304946899, 0.387607216835022, 0.8190956711769104, 2.3141276836395264
0.22481617331504822, 0.8408696055412292, 0.09890900552272797, 0.7464570999145508, 0.900581955909729, 0.5740975141525269, 0.14395490288734436, 0.346672922372818, 0.36738741397857666, 0.4735124409198761, 0.9362555742263794, 0.8472456932067871, 0.7448325157165527, 0.3499787151813507, 0.06082124635577202, 0.14566543698310852, 0.8419955968856812, 0.5191209316253662, 0.6686955690383911, 0.9954423904418945, 0.9274176359176636, 0.6325738430023193, 0.030453922227025032, 0.1736525148153305, 0.18179473280906677, 0.30241793394088745, 0.23211044073104858, 0.3639044165611267, 0.37709444761276245, 0.20804837346076965, 0.17396987974643707, 0.6199561953544617, 2.3292882442474365
0.7088152170181274, 0.8737397789955139, 0.7334371209144592, 0.5979120135307312, 0.5079715251922607, 0.45986199378967285, 0.9023118615150452, 0.725325345993042, 0.5067012906074524, 0.03191365674138069, 0.920749306678772, 0.5960460305213928, 0.7583715915679932, 0.7742980718612671, 0.18501444160938263, 0.5560844540596008, 0.836733877658844, 0.8454397916793823, 0.3640928566455841, 0.5754464268684387, 0.0526525117456913, 0.4527567923069, 0.8580180406570435, 0.4143652319908142, 0.20295611023902893, 0.44098231196403503, 0.3096452057361603, 0.6029207706451416, 0.5821540951728821, 0.3504354655742645, 0.6953632831573486, 0.8154805898666382, 2.3445448875427246
0.08218694478273392, 0.20248204469680786, 0.4739089012145996, 0.46276432275772095, 0.5884166955947876, 0.7497143745422363, 0.08096364885568619, 0.9107286930084229, 0.5959528088569641, 0.351973295211792, 0.3074515461921692, 0.045075684785842896, 0.6178723573684692, 0.15762852132320404, 0.7151955962181091, 0.09480021893978119, 0.17104312777519226, 0.42263084650039673, 0.2121710330247879, 0.2593677341938019, 0.8985148072242737, 0.10217234492301941, 0.3886411488056183, 0.8379023671150208, 0.4409482777118683, 0.3947693109512329, 0.5134459137916565, 0.9248416423797607, 0.8692439794540405, 0.37660011649131775, 0.8606562614440918, 0.3354608118534088, 2.3597147464752197
0.8428056240081787, 0.24086993932724, 0.33907201886177063, 0.1833757758140564, 0.808009147644043, 0.46614107489585876, 0.39822086691856384, 0.160260409116745, 0.23357854783535004, 0.9404293298721313, 0.26457473635673523, 0.46609821915626526, 0.306435227394104, 0.9288399815559387, 0.8371524214744568, 0.6292009949684143, 0.9034131765365601, 0.4855237603187561, 0.5436219573020935, 0.574212372303009, 0.6685606241226196, 0.5259410738945007, 0.3018675744533539, 0.9372207522392273, 0.34580785036087036, 0.7026034593582153, 0.9843950867652893, 0.7039841413497925, 0.1751503199338913, 0.7702194452285767, 0.03602786734700203, 0.15269985795021057, 2.375037908554077
0.49736353754997253, 0.7313215732574463, 0.35011643171310425, 0.6098011136054993, 0.9195396900177002, 0.48676732182502747, 0.25566843152046204, 0.5866866707801819, 0.633503258228302, 0.6519565582275391, 0.13566026091575623, 0.9043843746185303, 0.6360615491867065, 0.9778441786766052, 0.12424201518297195, 0.9551947712898254, 0.3943445682525635, 0.5907882452011108, 0.8455778956413269, 0.8055917024612427, 0.6023355722427368, 0.4805588722229004, 0.2083020806312561, 0.022207744419574738, 0.3440491855144501, 0.6326888203620911, 0.7158122658729553, 0.5089633464813232, 0.10235031694173813, 0.46636390686035156, 0.3545286953449249, 0.9685865044593811, 2.390108346939087
0.09431576728820801, 0.22754311561584473, 0.39180219173431396, 0.4875859320163727, 0.14871901273727417, 0.11008017510175705, 0.12114474922418594, 0.052341971546411514, 0.8637884259223938, 0.9990402460098267, 0.8880417346954346, 0.8599023222923279, 0.9845750331878662, 0.5641976594924927, 0.33623194694519043, 0.6264633536338806, 0.4926663339138031, 0.506748616695404, 0.28836795687675476, 0.9241525530815125, 0.8624613881111145, 0.6137281060218811, 0.4202626943588257, 0.830251157283783, 0.4348379969596863, 0.5550016164779663, 0.27106156945228577, 0.4460819959640503, 0.5720582604408264, 0.4353470206260681, 0.13833385705947876, 0.9283726215362549, 2.4053397178649902
0.40606868267059326, 0.6016125679016113, 0.11362195760011673, 0.2128828763961792, 0.5094420313835144, 0.07813400030136108, 0.40844687819480896, 0.7107464075088501, 0.5525416731834412, 0.8387985825538635, 0.5391573905944824, 0.4025968611240387, 0.7495265007019043, 0.7097522020339966, 0.9317927360534668, 0.7869052886962891, 0.14924399554729462, 0.005595369264483452, 0.7037883996963501, 0.4061518609523773, 0.42993614077568054, 0.31721049547195435, 0.6619060039520264, 0.042970720678567886, 0.7915554046630859, 0.6650254130363464, 0.9744577407836914, 0.7056384086608887, 0.1751483827829361, 0.6058642864227295, 0.5130754113197327, 0.9507086873054504, 2.4205050468444824
0.19685497879981995, 0.12528349459171295, 0.6132672429084778, 0.7063764333724976, 0.775155246257782, 0.6998569965362549, 0.731764018535614, 0.28621193766593933, 0.17699886858463287, 0.9188466668128967, 0.7014944553375244, 0.9499471187591553, 0.09382838755846024, 0.11828353255987167, 0.30456897616386414, 0.9406610727310181, 0.07300791144371033, 0.9893576502799988, 0.19516269862651825, 0.7336469888687134, 0.3320421278476715, 0.5442234873771667, 0.4431006908416748, 0.055672477930784225, 0.13578592240810394, 0.2842128276824951, 0.39875948429107666, 0.6820078492164612, 0.7733243107795715, 0.2632080614566803, 0.41725584864616394, 0.854017436504364, 2.4356863498687744
0.20259584486484528, 0.1320272982120514, 0.9889654517173767, 0.3551412522792816, 0.26799753308296204, 0.07167520374059677, 0.30637791752815247, 0.7534002661705017, 0.4761805534362793, 0.10409899801015854, 0.7793119549751282, 0.8826351165771484, 0.36917638778686523, 0.8315402269363403, 0.285287469625473, 0.6677361130714417, 0.3325257897377014, 0.3853118419647217, 0.74959397315979, 0.6090136170387268, 0.4019249677658081, 0.35317882895469666, 0.48340994119644165, 0.043600525707006454, 0.6474533081054688, 0.08848109841346741, 0.7705631852149963, 0.11366163194179535, 0.5726087689399719, 0.3594944477081299, 0.07497217506170273, 0.6239352822303772, 2.4508450031280518
0.6632051467895508, 0.3284538984298706, 0.5734489560127258, 0.467386931180954, 0.2015623301267624, 0.46071285009384155, 0.8865564465522766, 0.2774792015552521, 0.5931149125099182, 0.8915058970451355, 0.7196431756019592, 0.8638194799423218, 0.7742666602134705, 0.24060729146003723, 0.3025107681751251, 0.20077721774578094, 0.06436657905578613, 0.9366921186447144, 0.4223496615886688, 0.09486124664545059, 0.6167799234390259, 0.26316842436790466, 0.9857327342033386, 0.5506191253662109, 0.5146641731262207, 0.6612726449966431, 0.9889804124832153, 0.8657407164573669, 0.5212740302085876, 0.7089266777038574, 0.1399671882390976, 0.8264695405960083, 2.466161012649536
0.6666216850280762, 0.13792528212070465, 0.8356285691261292, 0.046431154012680054, 0.38422393798828125, 0.4259219169616699, 0.1628546118736267, 0.33952000737190247, 0.6896888613700867, 0.8389425873756409, 0.816588819026947, 0.9326764941215515, 0.8985328674316406, 0.6299381852149963, 0.6014675498008728, 0.4280184209346771, 0.1267564445734024, 0.4156532287597656, 0.8222709894180298, 0.404031902551651, 0.7956204414367676, 0.21504446864128113, 0.7934138178825378, 0.1595136523246765, 0.3248177170753479, 0.750866711139679, 0.04283248633146286, 0.6128025650978088, 0.16358910501003265, 0.6843551993370056, 0.9415856003761292, 0.7432124018669128, 2.481316566467285
0.9111208915710449, 0.07081626355648041, 0.03325300291180611, 0.11523352563381195, 0.0742378905415535, 0.283155620098114, 0.5454095602035522, 0.24736899137496948, 0.6371644139289856, 0.5489360094070435, 0.9320767521858215, 0.0638463944196701, 0.18826647102832794, 0.7015910744667053, 0.14010661840438843, 0.6966535449028015, 0.6179043054580688, 0.13383685052394867, 0.16364163160324097, 0.6344882249832153, 0.16124539077281952, 0.34287503361701965, 0.5953395962715149, 0.02039841003715992, 0.08063869178295135, 0.9978669285774231, 0.411406546831131, 0.7500343322753906, 0.05754175782203674, 0.6565597653388977, 0.431956022977829, 0.5059924721717834, 2.4966392517089844
0.9689140915870667, 0.34857043623924255, 0.4150891900062561, 0.30139657855033875, 0.04293002560734749, 0.9870970249176025, 0.008619862608611584, 0.2077161818742752, 0.8467470407485962, 0.33976811170578003, 0.9898601770401001, 0.38674476742744446, 0.5425000786781311, 0.956414520740509, 0.899237334728241, 0.4583659768104553, 0.5658378005027771, 0.47691118717193604, 0.9499084949493408, 0.28166720271110535, 0.21776342391967773, 0.23071663081645966, 0.49984875321388245, 0.4609299898147583, 0.34625762701034546, 0.8529539704322815, 0.29873666167259216, 0.907124400138855, 0.5151048302650452, 0.05794814974069595, 0.5734941363334656, 0.3750658929347992, 2.5122716426849365
0.4102596938610077, 0.14882859587669373, 0.6574759483337402, 0.16270992159843445, 0.4251267611980438, 0.18532003462314606, 0.9746190309524536, 0.02955247275531292, 0.29153940081596375, 0.6044616103172302, 0.6366925239562988, 0.8544453978538513, 0.2960323095321655, 0.6573864817619324, 0.7758621573448181, 0.5593412518501282, 0.1586911976337433, 0.36547282338142395, 0.13499008119106293, 0.7562093734741211, 0.6975567936897278, 0.6368680596351624, 0.7749959826469421, 0.8172608017921448, 0.7912686467170715, 0.6873518228530884, 0.9956690669059753, 0.5546801090240479, 0.14102280139923096, 0.556027352809906, 0.47877442836761475, 0.29551225900650024, 2.5275120735168457
0.032858047634363174, 0.3060475289821625, 0.6984149217605591, 0.36607515811920166, 0.31940966844558716, 0.6245000958442688, 0.4559047520160675, 0.3827884793281555, 0.37345752120018005, 0.01710214465856552, 0.4028763771057129, 0.012857812456786633, 0.36398234963417053, 0.31756478548049927, 0.1116076111793518, 0.5640276670455933, 0.3963865339756012, 0.3125687539577484, 0.13142183423042297, 0.21710118651390076, 0.5990464687347412, 0.4599670171737671, 0.999580442905426, 0.6935132741928101, 0.7215482592582703, 0.21626980602741241, 0.4844147264957428, 0.3043519854545593, 0.016328465193510056, 0.6643489599227905, 0.14952269196510315, 0.6477207541465759, 2.5431082248687744
0.9770926833152771, 0.9732904434204102, 0.9600000977516174, 0.42987939715385437, 0.16748084127902985, 0.06740748137235641, 0.5048076510429382, 0.1572016477584839, 0.2624814808368683, 0.9719606041908264, 0.988922655582428, 0.5258087515830994, 0.7756403684616089, 0.21076340973377228, 0.766435444355011, 0.969231128692627, 0.5533418655395508, 0.2808474600315094, 0.05856405943632126, 0.5339329242706299, 0.42972132563591003, 0.005359130911529064, 0.9579986333847046, 0.5776215195655823, 0.5399763584136963, 0.8585651516914368, 0.5312122106552124, 0.47548195719718933, 0.3157307207584381, 0.39852192997932434, 0.508124828338623, 0.879748523235321, 2.5589306354522705
0.6283541917800903, 0.042708225548267365, 0.641544759273529, 0.9217674136161804, 0.9883918166160583, 0.6980330944061279, 0.8732313513755798, 0.15202224254608154, 0.819251537322998, 0.2162444144487381, 0.5004259943962097, 0.7172260880470276, 0.6687846779823303, 0.7587040662765503, 0.8890634775161743, 0.7954515814781189, 0.6121999025344849, 0.0240300465375185, 0.4456823468208313, 0.9649893641471863, 0.8184710741043091, 0.49911031126976013, 0.607701301574707, 0.41507816314697266, 0.9387598037719727, 0.42198634147644043, 0.7905694246292114, 0.07880072295665741, 0.8639934659004211, 0.7148045897483826, 0.36833012104034424, 0.1154836043715477, 2.574115037918091
0.40329310297966003, 0.47841566801071167, 0.177524596452713, 0.5686073303222656, 0.3219345211982727, 0.02559681423008442, 0.44717562198638916, 0.593981146812439, 0.8024280071258545, 0.9644680023193359, 0.305666983127594, 0.06973706185817719, 0.7686676383018494, 0.1888664811849594, 0.2366693913936615, 0.3756682276725769, 0.6231395602226257, 0.938105583190918, 0.33676987886428833, 0.57289719581604, 0.5837550759315491, 0.8558285236358643, 0.49974897503852844, 0.510418713092804, 0.6696444153785706, 0.3616246283054352, 0.29123547673225403, 0.5187751054763794, 0.5225371718406677, 0.1478617638349533, 0.1870783418416977, 0.9336180090904236, 2.589165687561035
0.4083808660507202, 0.1955859214067459, 0.824015200138092, 0.36301982402801514, 0.5601698160171509, 0.36364808678627014, 0.02993152104318142, 0.8333232402801514, 0.7914140820503235, 0.7833651304244995, 0.33588969707489014, 0.86672043800354, 0.09288275241851807, 0.25735050439834595, 0.3607119619846344, 0.10098430514335632, 0.40027323365211487, 0.297306627035141, 0.7991604804992676, 0.3228137195110321, 0.9082990288734436, 0.3513117730617523, 0.22340211272239685, 0.17722491919994354, 0.7569867372512817, 0.5752319097518921, 0.5446150898933411, 0.0712040439248085, 0.27455461025238037, 0.9508809447288513, 0.14936062693595886, 0.18813791871070862, 2.6043694019317627
