14.4 , 0.0
16.4 , 0.5154736042022705
20.0 , 1.0229439735412598
25.6 , 1.5273170471191406
16.7 , 2.03560209274292
25.0 , 2.542590379714966
26.4 , 3.045687198638916
31.7 , 3.549105405807495
38.2 , 4.055464506149292
40.2 , 4.562855958938599
36.7 , 5.064638376235962
31.1 , 5.574253797531128
33.3 , 6.088869094848633
30.2 , 6.594661235809326
32.5 , 7.096662998199463
28.9 , 7.6115453243255615
33.0 , 8.127735137939453
33.2 , 8.636158227920532
31.5 , 9.139113903045654
33.2 , 9.640958070755005
26.6 , 10.15542221069336
29.3 , 10.659652948379517
33.6 , 11.163400888442993
41.7 , 11.67196774482727
43.7 , 12.18402910232544
49.4 , 12.70004653930664
29.9 , 13.204318761825562
29.1 , 13.711137771606445
31.1 , 14.219107151031494
35.3 , 14.724844217300415
30.9 , 15.228488445281982
29.7 , 15.729275703430176
35.1 , 16.232524871826172
36.6 , 16.735129833221436
44.5 , 17.237044095993042
52.2 , 17.7382972240448
35.4 , 18.253198385238647
51.3 , 18.768137216567993
39.0 , 19.269396543502808
39.6 , 19.781126260757446
29.5 , 20.29537272453308
42.1 , 20.81106209754944
38.2 , 21.31281328201294
46.1 , 21.814589738845825
31.1 , 22.329347133636475
45.0 , 22.834619760513306
33.1 , 23.35029911994934
33.6 , 23.856205224990845
25.4 , 24.370307207107544
30.1 , 24.875698804855347
28.7 , 25.380155086517334
29.7 , 25.88839817047119
32.1 , 26.403687953948975
33.1 , 26.909253120422363
31.7 , 27.41104769706726
27.8 , 27.912590503692627
27.9 , 28.419413566589355
31.9 , 28.920804977416992
30.2 , 29.427019357681274
28.7 , 29.931729316711426
30.6 , 30.432761907577515
27.1 , 30.93936800956726
27.2 , 31.4429829120636
29.2 , 31.952253580093384
31.5 , 32.45475721359253
43.9 , 32.958457946777344
30.9 , 33.46398687362671
29.3 , 33.96821141242981
29.6 , 34.4727623462677
29.6 , 34.978641748428345
30.1 , 35.48324680328369
30.7 , 35.98486113548279
28.1 , 36.49880385398865
32.0 , 37.000911474227905
30.6 , 37.505627393722534
37.5 , 38.020262718200684
37.2 , 38.53700232505798
31.1 , 39.051130056381226
32.7 , 39.565293312072754
28.9 , 40.066970348358154
34.0 , 40.56905126571655
28.4 , 41.07187247276306
33.2 , 41.57271933555603
31.7 , 42.07760453224182
32.4 , 42.587640047073364
37.2 , 43.08982968330383
33.3 , 43.60733771324158
37.4 , 44.11163330078125
31.7 , 44.620919704437256
29.7 , 45.1284339427948
39.5 , 45.64351558685303
30.8 , 46.158910274505615
35.1 , 46.659722566604614
28.7 , 47.17463946342468
28.5 , 47.68103909492493
32.1 , 48.18717384338379
33.6 , 48.70191407203674
33.3 , 49.2036292552948
32.7 , 49.70582675933838
31.2 , 50.220237255096436
40.2 , 50.72083759307861
34.5 , 51.22239327430725
28.1 , 51.72760367393494
32.8 , 52.22969460487366
30.1 , 52.73653841018677
38.2 , 53.24360179901123
33.1 , 53.75953936576843
35.1 , 54.272852182388306
32.7 , 54.78886008262634
30.4 , 55.30328011512756
32.0 , 55.82323098182678
26.5 , 56.33777928352356
32.3 , 56.843111753463745
37.5 , 57.348286628723145
34.6 , 57.86222577095032
32.3 , 58.37710356712341
27.5 , 58.88588619232178
26.5 , 59.38709092140198
25.8 , 59.90052103996277
26.4 , 60.41512584686279
34.4 , 60.92136240005493
33.3 , 61.423535108566284
33.5 , 61.92754507064819
32.2 , 62.43025350570679
29.5 , 62.93539476394653
36.2 , 63.451263189315796
30.7 , 63.95431852340698
30.0 , 64.45869851112366
33.2 , 64.9638888835907
31.0 , 65.46671485900879
37.0 , 65.98132085800171
29.5 , 66.4946756362915
27.0 , 66.99611711502075
26.1 , 67.50005578994751
27.2 , 68.00825095176697
32.6 , 68.51283550262451
44.2 , 69.0284423828125
40.2 , 69.54089617729187
41.3 , 70.04916381835938
31.2 , 70.5613112449646
48.0 , 71.06635975837708
37.7 , 71.58203196525574
34.6 , 72.08300018310547
26.2 , 72.58804774284363
31.5 , 73.0932605266571
55.3 , 73.59740877151489
42.0 , 74.10796427726746
29.3 , 74.61252665519714
30.5 , 75.1184024810791
27.7 , 75.62458348274231
27.5 , 76.14057922363281
31.2 , 76.64428758621216
28.0 , 77.15235948562622
31.1 , 77.65411424636841
33.8 , 78.16396903991699
32.3 , 78.67941856384277
36.0 , 79.19571232795715
29.7 , 79.70979857444763
28.9 , 80.21412706375122
29.7 , 80.71912264823914
29.6 , 81.22208404541016
28.8 , 81.73840665817261
28.4 , 82.24837636947632
41.4 , 82.75322341918945
47.7 , 83.26901245117188
48.3 , 83.76980972290039
45.4 , 84.27543425559998
39.3 , 84.77952289581299
38.6 , 85.28087663650513
29.7 , 85.78733086585999
41.9 , 86.28970646858215
45.0 , 86.79745101928711
38.1 , 87.3006043434143
34.2 , 87.81629681587219
36.0 , 88.33129715919495
41.5 , 88.83464121818542
30.2 , 89.33549523353577
34.5 , 89.83859014511108
28.7 , 90.34279489517212
27.6 , 90.85188460350037
29.3 , 91.35707449913025
21.6 , 91.8728392124176
16.3 , 92.3882405757904
19.0 , 92.89313316345215
21.3 , 93.40066170692444
24.6 , 93.91541361808777
27.5 , 94.420494556427
20.5 , 94.92452621459961
21.0 , 95.4272997379303
13.7 , 95.93246412277222
13.3 , 96.43794775009155
14.1 , 96.9459924697876
18.1 , 97.45247220993042
19.7 , 97.96869850158691
20.5 , 98.47314524650574
19.2 , 98.97729921340942
17.8 , 99.49301075935364
14.1 , 99.99795603752136
16.5 , 100.5064811706543
14.8 , 101.01278829574585
14.0 , 101.52101182937622
21.4 , 102.03189468383789
17.7 , 102.54965567588806
17.1 , 103.05601096153259
18.9 , 103.55850911140442
22.6 , 104.0608160495758
29.4 , 104.56616997718811
14.8 , 105.07199192047119
18.5 , 105.57665634155273
20.0 , 106.08166694641113
16.3 , 106.5884919166565
18.2 , 107.09524869918823
20.5 , 107.59931588172913
17.5 , 108.10372495651245
17.1 , 108.61073112487793
17.4 , 109.11635112762451
21.0 , 109.62431740760803
21.7 , 110.12722373008728
13.4 , 110.63181686401367
13.7 , 111.13707995414734
25.7 , 111.64179301261902
22.0 , 112.14465546607971
17.9 , 112.6528308391571
17.2 , 113.15788888931274
20.2 , 113.66000628471375
21.2 , 114.16808819770813
29.8 , 114.6729736328125
19.4 , 115.18017649650574
14.5 , 115.68975925445557
16.6 , 116.19420099258423
17.9 , 116.70178890228271
16.3 , 117.20387196540833
22.9 , 117.7063467502594
16.5 , 118.20741081237793
19.0 , 118.71367740631104
17.3 , 119.21890330314636
16.3 , 119.72328901290894
18.2 , 120.23070764541626
15.8 , 120.7399423122406
23.2 , 121.24593758583069
17.9 , 121.7540123462677
21.0 , 122.2571291923523
21.6 , 122.76114344596863
20.2 , 123.26799511909485
18.1 , 123.77267622947693
16.8 , 124.28017044067383
33.8 , 124.7816801071167
16.3 , 125.28502082824707
16.7 , 125.78661727905273
15.6 , 126.2919569015503
16.7 , 126.80030512809753
18.0 , 127.30526471138
17.9 , 127.80717635154724
23.2 , 128.31350708007812
14.7 , 128.8192844390869
19.8 , 129.32960629463196
16.9 , 129.83162665367126
14.3 , 130.34045028686523
19.6 , 130.84731578826904
16.2 , 131.35337495803833
18.9 , 131.86781764030457
17.5 , 132.37715411186218
23.8 , 132.88184142112732
28.7 , 133.3863046169281
36.0 , 133.8901538848877
29.6 , 134.39592957496643
36.6 , 134.89880537986755
28.1 , 135.40518856048584
16.7 , 135.9088020324707
23.6 , 136.41514205932617
21.6 , 136.932448387146
13.4 , 137.434663772583
31.2 , 137.94244265556335
20.3 , 138.4451503753662
21.2 , 138.94981694221497
19.7 , 139.4534149169922
14.4 , 139.9539806842804
12.5 , 140.46293783187866
16.0 , 140.96800661087036
14.5 , 141.47610354423523
15.2 , 141.98169493675232
16.2 , 142.4856674671173
15.6 , 143.00036001205444
15.3 , 143.50318312644958
19.5 , 144.01033878326416
20.0 , 144.51545238494873
33.1 , 145.0224368572235
27.0 , 145.5260193347931
19.4 , 146.02898955345154
14.6 , 146.53253722190857
14.0 , 147.0409438610077
15.2 , 147.5455183982849
17.7 , 148.052992105484
26.6 , 148.56246733665466
32.3 , 149.0669322013855
31.4 , 149.5681507587433
28.7 , 150.0684072971344
27.1 , 150.57589435577393
32.3 , 151.07874131202698
27.4 , 151.59253644943237
28.3 , 152.09630036354065
25.4 , 152.6019127368927
17.1 , 153.10760879516602
36.5 , 153.6117422580719
20.2 , 154.11237215995789
18.2 , 154.61559224128723
41.7 , 155.1181800365448
42.2 , 155.62566709518433
28.3 , 156.1301143169403
18.1 , 156.63146138191223
20.1 , 157.13561916351318
16.3 , 157.63762211799622
22.0 , 158.14673519134521
15.5 , 158.65077376365662
17.1 , 159.15710020065308
19.4 , 159.65848875045776
16.3 , 160.1616039276123
17.4 , 160.66618609428406
15.6 , 161.16847920417786
17.1 , 161.67252659797668
14.8 , 162.17622137069702
16.0 , 162.68275928497314
24.6 , 163.18685269355774
17.9 , 163.6960232257843
16.0 , 164.2004361152649
17.6 , 164.7022614479065
27.0 , 165.20838737487793
29.3 , 165.7148244380951
17.0 , 166.21904015541077
14.9 , 166.7203197479248
16.1 , 167.228031873703
13.7 , 167.73064470291138
24.0 , 168.23455500602722
14.4 , 168.7491753101349
20.0 , 169.24975681304932
23.2 , 169.7560694217682
15.8 , 170.25821948051453
18.7 , 170.7640175819397
20.5 , 171.269193649292
15.7 , 171.77731084823608
18.7 , 172.28233289718628
13.8 , 172.7894160747528
15.5 , 173.29150104522705
15.9 , 173.79789018630981
15.1 , 174.30639123916626
19.0 , 174.81145024299622
23.2 , 175.31829571723938
32.4 , 175.82246589660645
29.7 , 176.3317437171936
17.9 , 176.8328263759613
28.1 , 177.33851647377014
19.2 , 177.85309433937073
18.7 , 178.3583414554596
17.8 , 178.8676564693451
17.1 , 179.37236738204956
14.9 , 179.881413936615
15.2 , 180.3895125389099
14.0 , 180.89490246772766
17.8 , 181.40359735488892
20.5 , 181.91288590431213
18.3 , 182.41524291038513
15.8 , 182.91609120368958
19.8 , 183.42090344429016
19.5 , 183.92619681358337
20.2 , 184.43191576004028
18.2 , 184.93450903892517
20.7 , 185.43580079078674
35.6 , 185.94115090370178
23.3 , 186.45522451400757
15.8 , 186.95784187316895
14.5 , 187.46434211730957
14.8 , 187.9712040424347
15.2 , 188.4780251979828
16.7 , 188.98326897621155
18.7 , 189.48598647117615
23.1 , 189.99278378486633
16.0 , 190.49866461753845
19.1 , 191.00600004196167
13.7 , 191.50847840309143
21.7 , 192.013995885849
21.1 , 192.51689434051514
18.0 , 193.02392292022705
23.6 , 193.52997517585754
16.5 , 194.03845119476318
14.2 , 194.54031205177307
17.2 , 195.04667115211487
15.6 , 195.55090427398682
30.0 , 196.05412769317627
26.9 , 196.5596330165863
23.4 , 197.06072187423706
17.7 , 197.5652813911438
22.3 , 198.07178449630737
16.3 , 198.57559847831726
18.9 , 199.08209800720215
19.4 , 199.5917854309082
19.5 , 200.09892296791077
19.8 , 200.602112531662
30.9 , 201.10553121566772
27.0 , 201.6118507385254
27.1 , 202.1136577129364
19.6 , 202.61660861968994
23.6 , 203.12162804603577
22.5 , 203.62461400032043
24.5 , 204.14063954353333
22.4 , 204.64354181289673
24.1 , 205.15091013908386
23.8 , 205.66048002243042
28.1 , 206.16584372520447
31.8 , 206.67189717292786
24.9 , 207.17723989486694
19.1 , 207.68411564826965
16.8 , 208.18553972244263
29.6 , 208.6894073486328
30.8 , 209.1908938884735
14.5 , 209.69932627677917
27.4 , 210.20636248588562
19.8 , 210.71199226379395
16.0 , 211.21885991096497
13.6 , 211.7219009399414
17.9 , 212.22990012168884
19.9 , 212.7345552444458
20.6 , 213.2418122291565
18.3 , 213.7443585395813
23.8 , 214.24912118911743
19.3 , 214.75343537330627
31.6 , 215.26688432693481
28.3 , 215.77121138572693
39.1 , 216.28543829917908
43.2 , 216.79070734977722
32.6 , 217.3061535358429
22.0 , 217.81033420562744
29.4 , 218.32416224479675
16.8 , 218.82795023918152
22.1 , 219.33083939552307
25.4 , 219.84563398361206
14.7 , 220.34765577316284
19.2 , 220.85514736175537
21.7 , 221.36258697509766
18.4 , 221.86824584007263
18.2 , 222.37226724624634
14.7 , 222.88173723220825
16.3 , 223.38556146621704
18.9 , 223.8875024318695
16.0 , 224.3894271850586
14.5 , 224.89799571037292
20.0 , 225.40649366378784
16.3 , 225.91815280914307
18.2 , 226.42715716362
31.1 , 226.93203330039978
28.7 , 227.4389307498932
18.4 , 227.94725155830383
21.7 , 228.4544780254364
15.6 , 228.96112871170044
22.3 , 229.470689535141
19.9 , 229.97491025924683
18.7 , 230.48460793495178
18.0 , 230.98951053619385
17.3 , 231.49715781211853
17.8 , 232.00097489356995
17.6 , 232.5038549900055
20.2 , 233.01145839691162
14.9 , 233.5156021118164
14.3 , 234.02540230751038
13.3 , 234.54179883003235
17.7 , 235.04885911941528
14.5 , 235.55520606040955
18.6 , 236.06282091140747
25.0 , 236.5691328048706
42.4 , 237.07223272323608
37.5 , 237.58749628067017
18.8 , 238.09832048416138
14.8 , 238.60117173194885
18.3 , 239.11185932159424
18.7 , 239.61933422088623
17.8 , 240.13444232940674
16.7 , 240.64035654067993
24.2 , 241.1472840309143
19.4 , 241.65031599998474
16.7 , 242.1528639793396
17.7 , 242.66036462783813
15.2 , 243.16684865951538
15.6 , 243.67118072509766
18.6 , 244.1760380268097
16.2 , 244.6834065914154
18.0 , 245.1922059059143
20.9 , 245.70707297325134
20.6 , 246.21127367019653
18.1 , 246.71663999557495
31.0 , 247.23079228401184
36.4 , 247.73976230621338
25.1 , 248.24145340919495
16.3 , 248.74619436264038
12.9 , 249.25535082817078
21.4 , 249.76022744178772
16.4 , 250.26496624946594
18.7 , 250.76913690567017
18.3 , 251.27724528312683
15.5 , 251.78594970703125
14.6 , 252.2902102470398
21.3 , 252.79743123054504
14.0 , 253.30570220947266
20.9 , 253.81326413154602
17.5 , 254.32648754119873
22.8 , 254.82954907417297
16.9 , 255.3435091972351
17.4 , 255.8468463420868
16.0 , 256.35318970680237
14.0 , 256.8614845275879
29.1 , 257.37112069129944
33.6 , 257.8741285800934
29.0 , 258.379323720932
20.6 , 258.8816452026367
14.2 , 259.38897037506104
16.4 , 259.8961443901062
17.3 , 260.40265417099
31.5 , 260.90718841552734
16.9 , 261.40726613998413
16.3 , 261.91584968566895
15.9 , 262.4199254512787
20.6 , 262.9250898361206
20.2 , 263.4275996685028
17.1 , 263.93434882164
23.5 , 264.443021774292
16.3 , 264.9452152252197
19.7 , 265.45125102996826
16.6 , 265.95991468429565
25.4 , 266.46547746658325
26.5 , 266.97261357307434
30.8 , 267.4775776863098
37.5 , 267.98079562187195
44.7 , 268.4947009086609
25.3 , 269.0077452659607
22.3 , 269.512291431427
18.5 , 270.01939630508423
24.6 , 270.5278742313385
13.7 , 271.03173446655273
16.7 , 271.5398621559143
19.0 , 272.0486228466034
20.8 , 272.5508270263672
18.5 , 273.05835723876953
17.1 , 273.56299924850464
13.6 , 274.0679888725281
18.0 , 274.57770133018494
20.2 , 275.08511304855347
15.6 , 275.59412455558777
13.7 , 276.0958707332611
16.3 , 276.6040589809418
16.5 , 277.1122808456421
20.7 , 277.61659002304077
32.6 , 278.12664127349854
32.6 , 278.6320037841797
24.6 , 279.1342957019806
16.7 , 279.63480401039124
20.5 , 280.138347864151
18.7 , 280.64479207992554
17.8 , 281.151917219162
22.5 , 281.660489320755
17.8 , 282.16815090179443
18.6 , 282.6711149215698
14.4 , 283.1787462234497
22.7 , 283.6888267993927
14.3 , 284.1927683353424
16.7 , 284.70222997665405
14.5 , 285.2121796607971
14.8 , 285.7172453403473
15.8 , 286.2213559150696
15.6 , 286.72972083091736
19.3 , 287.2324197292328
15.5 , 287.7385151386261
31.0 , 288.24793243408203
29.2 , 288.75155115127563
21.2 , 289.25308537483215
14.1 , 289.7593905925751
20.0 , 290.2647569179535
26.1 , 290.7697854042053
19.6 , 291.27414774894714
18.8 , 291.7812180519104
16.7 , 292.2865676879883
20.0 , 292.79441952705383
17.7 , 293.30336260795593
17.4 , 293.80971336364746
15.8 , 294.3228449821472
16.0 , 294.8252983093262
15.5 , 295.333767414093
15.1 , 295.84374618530273
17.3 , 296.3489193916321
18.1 , 296.85482001304626
20.1 , 297.360365152359
18.5 , 297.86258006095886
29.5 , 298.37304162979126
30.0 , 298.8812782764435
23.4 , 299.38831067085266
15.9 , 299.89058542251587
15.5 , 300.39730644226074
19.2 , 300.90490102767944
22.0 , 301.40658807754517
18.4 , 301.91061878204346
19.2 , 302.416047334671
14.4 , 302.9197344779968
16.3 , 303.4266700744629
14.8 , 303.9332616329193
18.9 , 304.44131779670715
17.0 , 304.9438633918762
17.4 , 305.45103096961975
16.2 , 305.95686292648315
17.4 , 306.4651298522949
13.3 , 306.9722259044647
14.5 , 307.48065662384033
17.3 , 307.9884397983551
27.5 , 308.4963710308075
35.2 , 308.9986116886139
32.0 , 309.5047252178192
16.4 , 310.00978994369507
18.2 , 310.51510763168335
20.1 , 311.01889276504517
15.8 , 311.5203449726105
16.7 , 312.0286729335785
24.8 , 312.53286695480347
13.5 , 313.03828024864197
17.5 , 313.54253339767456
18.8 , 314.04527044296265
14.5 , 314.5555009841919
16.7 , 315.0577573776245
17.8 , 315.5611047744751
17.4 , 316.06782841682434
15.6 , 316.57473611831665
13.3 , 317.07885336875916
14.1 , 317.58740162849426
13.8 , 318.09232568740845
20.7 , 318.59895300865173
33.7 , 319.1069347858429
35.0 , 319.6127505302429
22.2 , 320.1206467151642
18.9 , 320.6229145526886
20.1 , 321.1302139759064
20.1 , 321.63647961616516
22.4 , 322.14173769950867
17.1 , 322.6511471271515
18.2 , 323.15685296058655
16.7 , 323.6584849357605
13.3 , 324.1633949279785
15.9 , 324.6710374355316
15.2 , 325.17853236198425
17.4 , 325.6810872554779
20.8 , 326.18878841400146
17.7 , 326.6914060115814
15.6 , 327.19810581207275
14.1 , 327.7040936946869
13.0 , 328.21104550361633
16.7 , 328.7180926799774
35.1 , 329.2217926979065
28.1 , 329.72639513015747
28.1 , 330.2360243797302
17.3 , 330.737167596817
13.6 , 331.24306201934814
19.6 , 331.75150418281555
32.8 , 332.2564215660095
30.9 , 332.7621080875397
25.6 , 333.26359963417053
24.7 , 333.768123626709
30.8 , 334.2740397453308
20.2 , 334.77571964263916
20.0 , 335.283447265625
21.7 , 335.79030084609985
20.7 , 336.2958068847656
26.4 , 336.79948139190674
14.1 , 337.30490350723267
17.8 , 337.81243109703064
14.4 , 338.3186047077179
13.4 , 338.8235683441162
26.7 , 339.3289370536804
31.8 , 339.83588695526123
33.2 , 340.3380389213562
16.3 , 340.841726064682
17.1 , 341.3463671207428
17.9 , 341.85150170326233
15.2 , 342.359414100647
17.2 , 342.8660101890564
19.6 , 343.3735635280609
28.0 , 343.8791735172272
17.8 , 344.3807463645935
18.3 , 344.8839416503906
15.5 , 345.3919916152954
13.8 , 345.8987395763397
16.4 , 346.4060411453247
19.1 , 346.91206431388855
14.1 , 347.41877460479736
18.4 , 347.92248487472534
16.4 , 348.4323310852051
18.9 , 348.9331867694855
19.8 , 349.43437242507935
33.2 , 349.9399881362915
26.2 , 350.44484639167786
22.3 , 350.94741797447205
20.2 , 351.452684879303
17.0 , 351.956871509552
13.6 , 352.4631357192993
18.7 , 352.97326946258545
15.6 , 353.4791781902313
17.0 , 353.98377108573914
18.7 , 354.48906350135803
20.6 , 354.99608755111694
17.4 , 355.50004863739014
16.4 , 356.0076813697815
19.2 , 356.5146851539612
16.3 , 357.02439975738525
17.5 , 357.5307891368866
19.8 , 358.03298711776733
15.6 , 358.53962993621826
14.0 , 359.045108795166
16.7 , 359.56153774261475
31.2 , 360.06857681274414
30.0 , 360.5770697593689
27.7 , 361.08492827415466
17.4 , 361.58910036087036
19.8 , 362.09697222709656
16.3 , 362.6047110557556
17.4 , 363.1099445819855
13.3 , 363.61700105667114
14.5 , 364.1230957508087
13.7 , 364.6305673122406
16.2 , 365.1407001018524
22.8 , 365.6505811214447
19.5 , 366.1506931781769
20.3 , 366.6665587425232
19.1 , 367.16904282569885
15.2 , 367.67598962783813
14.5 , 368.18298530578613
15.8 , 368.6897044181824
16.9 , 369.1993000507355
19.3 , 369.7051362991333
31.3 , 370.2089536190033
29.6 , 370.7127432823181
25.3 , 371.21511149406433
14.9 , 371.7166016101837
13.3 , 372.22456312179565
20.9 , 372.7308232784271
17.4 , 373.23723244667053
16.3 , 373.743674993515
16.6 , 374.2527117729187
13.7 , 374.7574682235718
16.4 , 375.26454877853394
20.0 , 375.764874458313
16.1 , 376.2738358974457
17.1 , 376.78093433380127
22.2 , 377.2865068912506
17.2 , 377.790278673172
20.2 , 378.2963197231293
24.7 , 378.80107736587524
16.0 , 379.3061511516571
17.8 , 379.81589365005493
34.2 , 380.3232190608978
34.7 , 380.83013939857483
36.2 , 381.33237767219543
24.7 , 381.8354449272156
16.2 , 382.34408497810364
15.2 , 382.852787733078
15.0 , 383.3598780632019
17.7 , 383.8664231300354
19.0 , 384.37155389785767
21.3 , 384.87605714797974
12.5 , 385.3822555541992
15.6 , 385.885879278183
17.0 , 386.3953814506531
15.6 , 386.90523886680603
15.1 , 387.4099564552307
15.6 , 387.91913509368896
21.9 , 388.4243412017822
14.1 , 388.92985367774963
18.3 , 389.43689370155334
15.5 , 389.94312047958374
21.7 , 390.4504597187042
38.6 , 390.9563648700714
36.7 , 391.46072006225586
34.0 , 391.9769923686981
20.5 , 392.4817268848419
21.2 , 392.98549604415894
15.0 , 393.49475288391113
17.0 , 393.9988558292389
14.8 , 394.5090584754944
19.0 , 395.0140278339386
19.8 , 395.5192201137543
16.3 , 396.0220148563385
19.8 , 396.5247251987457
15.3 , 397.0335783958435
14.2 , 397.5412447452545
19.7 , 398.0444965362549
16.7 , 398.5515606403351
16.7 , 399.05680203437805
14.0 , 399.56666564941406
13.6 , 400.0717968940735
16.7 , 400.5788013935089
26.5 , 401.0859520435333
29.1 , 401.5894103050232
47.4 , 402.0958971977234
34.7 , 402.61112332344055
27.9 , 403.1224191188812
22.7 , 403.62812972068787
27.2 , 404.13264083862305
23.0 , 404.63688135147095
16.0 , 405.1439299583435
28.7 , 405.64859104156494
22.1 , 406.16141986846924
21.2 , 406.66766905784607
16.9 , 407.17198872566223
14.5 , 407.68051648139954
14.0 , 408.1883499622345
13.7 , 408.6909108161926
19.8 , 409.19818234443665
16.7 , 409.70681738853455
17.7 , 410.2081301212311
15.2 , 410.71493673324585
18.3 , 411.22537422180176
28.8 , 411.7283375263214
30.5 , 412.2324290275574
29.2 , 412.7339255809784
17.7 , 413.2406437397003
16.5 , 413.7461087703705
12.9 , 414.2605094909668
19.9 , 414.7662353515625
20.2 , 415.27221298217773
23.8 , 415.7747850418091
25.7 , 416.2865319252014
19.2 , 416.78775000572205
17.8 , 417.2933487892151
18.9 , 417.80073618888855
13.6 , 418.30363059043884
16.3 , 418.8085746765137
15.5 , 419.316691160202
17.1 , 419.82513976097107
16.8 , 420.32686853408813
24.6 , 420.83359575271606
17.1 , 421.3395953178406
34.3 , 421.8463497161865
29.3 , 422.3535249233246
32.1 , 422.8613700866699
19.5 , 423.3673360347748
16.7 , 423.8740303516388
18.9 , 424.3899075984955
15.0 , 424.89736008644104
13.6 , 425.4025549888611
16.7 , 425.9084599018097
12.9 , 426.4109320640564
14.1 , 426.920214176178
18.3 , 427.42567229270935
18.2 , 427.9311332702637
17.6 , 428.4390985965729
16.2 , 428.94154381752014
21.5 , 429.4524908065796
19.9 , 429.96027970314026
15.6 , 430.46747064590454
16.6 , 430.9751181602478
18.0 , 431.484411239624
26.7 , 431.9924478530884
31.0 , 432.4957194328308
29.1 , 433.0031626224518
31.7 , 433.50879764556885
26.1 , 434.01727318763733
17.4 , 434.5196223258972
15.6 , 435.02714252471924
16.0 , 435.53233098983765
17.8 , 436.03546714782715
13.6 , 436.53800082206726
17.4 , 437.04826307296753
15.2 , 437.5558898448944
14.8 , 438.06656098365784
17.1 , 438.5741403102875
17.2 , 439.0797724723816
14.3 , 439.58520889282227
14.5 , 440.09494400024414
13.7 , 440.60015630722046
12.9 , 441.1035256385803
22.7 , 441.61243724823
20.8 , 442.11657214164734
36.9 , 442.6199128627777
28.7 , 443.12744426727295
28.8 , 443.64240527153015
23.0 , 444.1511559486389
15.2 , 444.65900325775146
21.8 , 445.16012167930603
14.8 , 445.66211342811584
14.0 , 446.1699061393738
17.7 , 446.6765446662903
15.6 , 447.1809525489807
17.0 , 447.68877148628235
16.0 , 448.20461082458496
15.2 , 448.7082281112671
15.6 , 449.2141649723053
19.9 , 449.72114086151123
15.0 , 450.22675704956055
18.2 , 450.7296690940857
16.3 , 451.2317736148834
16.4 , 451.73746061325073
19.3 , 452.24451541900635
32.0 , 452.75079011917114
36.8 , 453.2518208026886
31.1 , 453.75425577163696
28.9 , 454.2581980228424
21.8 , 454.76490688323975
19.0 , 455.2689690589905
18.7 , 455.77416229248047
17.4 , 456.27798986434937
19.8 , 456.7821235656738
18.2 , 457.2840201854706
13.4 , 457.7883937358856
14.5 , 458.29466700553894
16.8 , 458.80124139785767
13.7 , 459.3034212589264
19.7 , 459.8089396953583
14.0 , 460.3191409111023
20.1 , 460.8222351074219
15.2 , 461.3243238925934
16.6 , 461.8274447917938
15.4 , 462.3354756832123
17.9 , 462.8407938480377
39.0 , 463.34950971603394
30.9 , 463.85416173934937
32.2 , 464.3590807914734
30.4 , 464.87334513664246
15.7 , 465.3778328895569
14.5 , 465.88680028915405
12.9 , 466.3935625553131
17.1 , 466.90254306793213
16.5 , 467.40836548805237
31.9 , 467.91589641571045
22.2 , 468.4213225841522
19.9 , 468.92171239852905
20.8 , 469.42755007743835
24.6 , 469.9300673007965
24.9 , 470.43475699424744
22.1 , 470.940057516098
25.2 , 471.44349479675293
22.7 , 471.94539046287537
14.5 , 472.4509029388428
14.9 , 472.9608154296875
31.7 , 473.4666097164154
35.9 , 473.9704406261444
31.3 , 474.47658491134644
30.2 , 474.9796540737152
27.4 , 475.48495531082153
14.3 , 475.9884305000305
14.8 , 476.49590373039246
15.5 , 477.00394773483276
17.9 , 477.5112454891205
22.0 , 478.02013206481934
15.2 , 478.5241997241974
17.4 , 479.02820920944214
14.0 , 479.52956438064575
16.2 , 480.037930727005
14.0 , 480.5420491695404
14.3 , 481.04852533340454
13.8 , 481.5588541030884
16.3 , 482.06466579437256
19.4 , 482.5671339035034
16.9 , 483.0829544067383
21.9 , 483.5872292518616
31.9 , 484.0917797088623
30.1 , 484.59852838516235
33.2 , 485.1067068576813
33.8 , 485.6123948097229
23.9 , 486.11595940589905
14.3 , 486.6292154788971
13.6 , 487.1356666088104
14.5 , 487.65004324913025
14.8 , 488.15647768974304
15.5 , 488.6614236831665
14.5 , 489.1687786579132
17.8 , 489.67242407798767
18.7 , 490.17668628692627
14.1 , 490.6815288066864
16.4 , 491.1849546432495
14.7 , 491.69280552864075
16.0 , 492.1985137462616
20.5 , 492.70274782180786
24.2 , 493.20780515670776
14.1 , 493.711256980896
29.3 , 494.2160074710846
30.0 , 494.7196066379547
28.5 , 495.225533246994
31.0 , 495.73375034332275
21.0 , 496.23785758018494
18.0 , 496.740690946579
15.2 , 497.2445435523987
14.5 , 497.74709844589233
16.3 , 498.2546501159668
15.5 , 498.75712513923645
19.1 , 499.2636733055115
17.6 , 499.7678141593933
20.0 , 500.27327394485474
17.1 , 500.77513456344604
19.1 , 501.2788681983948
16.2 , 501.78462052345276
15.1 , 502.291202545166
15.6 , 502.79758763313293
17.5 , 503.30804467201233
17.6 , 503.8113100528717
28.5 , 504.3203125
36.1 , 504.835294008255
27.5 , 505.34000968933105
26.6 , 505.8416335582733
31.2 , 506.3476707935333
18.1 , 506.853045463562
17.8 , 507.3573410511017
15.8 , 507.8615119457245
15.1 , 508.3672721385956
16.3 , 508.87629199028015
16.3 , 509.38204550743103
17.1 , 509.88819122314453
19.0 , 510.3944990634918
14.8 , 510.89696526527405
14.1 , 511.3999297618866
15.4 , 511.905268907547
13.3 , 512.4095551967621
14.4 , 512.9172351360321
14.4 , 513.4223871231079
17.8 , 513.9310026168823
18.7 , 514.4402041435242
34.0 , 514.9445843696594
33.1 , 515.4462344646454
31.1 , 515.947258234024
32.4 , 516.4616663455963
24.2 , 516.9768536090851
14.8 , 517.482049703598
17.1 , 517.9979028701782
19.2 , 518.5046105384827
18.7 , 519.0130662918091
17.7 , 519.5179712772369
17.8 , 520.0240340232849
17.6 , 520.5314421653748
13.7 , 521.0390813350677
16.7 , 521.5457284450531
17.8 , 522.0521340370178
13.3 , 522.5604252815247
15.0 , 523.0682809352875
15.1 , 523.5714037418365
17.1 , 524.0770766735077
15.2 , 524.5842156410217
24.9 , 525.0895221233368
44.9 , 525.5969269275665
26.5 , 526.1025633811951
28.3 , 526.6124835014343
24.1 , 527.1196005344391
15.5 , 527.625757932663
19.5 , 528.1331255435944
16.0 , 528.6396460533142
17.7 , 529.1459290981293
14.7 , 529.6516919136047
12.5 , 530.1679520606995
19.5 , 530.6741142272949
15.6 , 531.183691740036
25.1 , 531.6932201385498
15.1 , 532.1958167552948
21.5 , 532.7003903388977
19.2 , 533.2084140777588
15.7 , 533.7130002975464
16.2 , 534.2186279296875
29.9 , 534.7266428470612
42.6 , 535.2336254119873
53.9 , 535.7373526096344
43.4 , 536.253654718399
49.3 , 536.7656090259552
31.9 , 537.2763631343842
35.0 , 537.7817890644073
22.1 , 538.2852137088776
16.7 , 538.7905349731445
17.4 , 539.2995185852051
22.8 , 539.80513048172
13.7 , 540.3103001117706
16.0 , 540.8123831748962
17.3 , 541.3162157535553
16.0 , 541.8187158107758
16.9 , 542.333459854126
22.6 , 542.8444402217865
17.8 , 543.3462917804718
16.0 , 543.8602380752563
17.9 , 544.3648743629456
12.6 , 544.8704652786255
19.4 , 545.3781449794769
21.1 , 545.8825266361237
31.9 , 546.3876721858978
29.6 , 546.8921718597412
31.7 , 547.3980321884155
31.8 , 547.8999691009521
21.3 , 548.4023940563202
19.5 , 548.9057726860046
18.6 , 549.4074702262878
17.8 , 549.9090158939362
16.0 , 550.4159817695618
17.1 , 550.9216423034668
15.5 , 551.436882019043
15.8 , 551.9432201385498
15.6 , 552.4490933418274
14.0 , 552.9545297622681
17.9 , 553.4622852802277
20.9 , 553.9708173274994
23.2 , 554.4724986553192
14.5 , 554.9786636829376
13.3 , 555.4811992645264
14.4 , 555.9878125190735
31.0 , 556.4935133457184
28.5 , 556.9985504150391
32.6 , 557.5041396617889
29.8 , 558.0101840496063
24.6 , 558.5136387348175
20.5 , 559.0151858329773
20.2 , 559.5217418670654
15.1 , 560.0263335704803
13.4 , 560.5350739955902
19.1 , 561.0398874282837
18.1 , 561.5484330654144
16.7 , 562.0540149211884
12.5 , 562.5615661144257
17.7 , 563.0683920383453
15.7 , 563.5766236782074
15.4 , 564.0832078456879
16.0 , 564.5939996242523
22.2 , 565.1003510951996
19.7 , 565.6048047542572
19.6 , 566.1081821918488
18.4 , 566.611875295639
34.6 , 567.1167330741882
27.2 , 567.6208364963531
30.4 , 568.1270027160645
19.9 , 568.6306052207947
23.1 , 569.1451327800751
13.4 , 569.6490552425385
14.7 , 570.156281709671
14.8 , 570.6657757759094
17.4 , 571.1739361286163
19.1 , 571.6813673973083
20.9 , 572.1894092559814
19.2 , 572.6903924942017
15.2 , 573.2073755264282
14.3 , 573.7226915359497
16.4 , 574.2308483123779
16.9 , 574.7334363460541
20.4 , 575.2408287525177
15.8 , 575.7472386360168
18.9 , 576.2530348300934
19.8 , 576.7624621391296
38.2 , 577.2685165405273
29.0 , 577.7758810520172
35.4 , 578.2816789150238
23.5 , 578.7842464447021
19.5 , 579.2877054214478
15.2 , 579.7938883304596
12.9 , 580.3008751869202
13.2 , 580.8084561824799
14.4 , 581.3130896091461
14.3 , 581.8197712898254
16.0 , 582.3264727592468
21.2 , 582.8316774368286
18.9 , 583.3340682983398
16.3 , 583.8393447399139
16.3 , 584.3433156013489
13.3 , 584.8450601100922
14.8 , 585.351224899292
22.8 , 585.859317779541
17.1 , 586.3674767017365
19.7 , 586.8712899684906
24.8 , 587.3861999511719
31.2 , 587.8919484615326
29.4 , 588.408303976059
22.4 , 588.9168539047241
18.9 , 589.4227440357208
17.8 , 589.9312891960144
16.7 , 590.4416799545288
14.5 , 590.9463076591492
18.1 , 591.4527876377106
14.8 , 591.9608759880066
16.9 , 592.4673848152161
13.7 , 592.976794719696
18.4 , 593.4813179969788
18.2 , 593.9896512031555
15.5 , 594.4948992729187
18.3 , 595.0013525485992
19.1 , 595.5107126235962
15.2 , 596.0173745155334
14.1 , 596.5239202976227
21.1 , 597.0318121910095
16.9 , 597.5393342971802
26.4 , 598.0424454212189
33.7 , 598.5448882579803
32.2 , 599.0507037639618
32.7 , 599.5527379512787
25.8 , 600.0575520992279
30.7 , 600.5632247924805
21.3 , 601.0640621185303
34.3 , 601.568531036377
22.6 , 602.0711550712585
16.7 , 602.5769119262695
20.4 , 603.0813965797424
24.7 , 603.5877957344055
18.3 , 604.0898985862732
19.9 , 604.5999014377594
13.7 , 605.1038527488708
16.0 , 605.6083459854126
16.0 , 606.1142830848694
14.5 , 606.6218626499176
17.3 , 607.129480600357
15.6 , 607.6349303722382
16.8 , 608.1419203281403
38.1 , 608.6470923423767
32.8 , 609.1628234386444
31.7 , 609.6711254119873
18.3 , 610.1773512363434
13.0 , 610.6835291385651
21.6 , 611.1911947727203
16.1 , 611.6949806213379
19.6 , 612.2016546726227
19.8 , 612.7074179649353
14.1 , 613.210037946701
18.0 , 613.718314409256
15.8 , 614.225980758667
16.3 , 614.7317252159119
20.3 , 615.236998796463
15.2 , 615.7445764541626
14.0 , 616.2496376037598
15.2 , 616.7549920082092
17.4 , 617.2608504295349
14.0 , 617.7659523487091
20.8 , 618.2720229625702
23.0 , 618.7758951187134
35.6 , 619.2820596694946
30.3 , 619.7826998233795
25.3 , 620.2893381118774
14.9 , 620.7913806438446
17.0 , 621.3016302585602
20.4 , 621.8164482116699
14.8 , 622.3198182582855
16.7 , 622.828182220459
15.6 , 623.3354301452637
18.1 , 623.8382804393768
21.7 , 624.344664812088
14.2 , 624.8530707359314
14.6 , 625.3580582141876
20.5 , 625.8647294044495
19.8 , 626.3673641681671
15.6 , 626.8698139190674
15.6 , 627.3743770122528
16.7 , 627.8783957958221
17.5 , 628.385023355484
18.6 , 628.8917791843414
30.5 , 629.3960132598877
29.6 , 629.9014852046967
33.8 , 630.4100434780121
21.7 , 630.9118764400482
13.4 , 631.4134125709534
14.0 , 631.9187128543854
14.5 , 632.423290014267
19.1 , 632.9284770488739
20.8 , 633.4344010353088
16.9 , 633.9415283203125
14.5 , 634.4564092159271
15.5 , 634.9576315879822
16.2 , 635.4641330242157
16.6 , 635.9796845912933
19.5 , 636.4881954193115
21.2 , 636.9933552742004
19.1 , 637.4992620944977
15.6 , 638.0028369426727
19.1 , 638.5184011459351
15.2 , 639.0248308181763
18.0 , 639.526832818985
42.2 , 640.0350043773651
26.8 , 640.5426807403564
27.7 , 641.0592410564423
14.4 , 641.5748834609985
17.3 , 642.0790741443634
14.2 , 642.5905375480652
14.7 , 643.0974559783936
15.6 , 643.6029231548309
17.2 , 644.1109826564789
21.3 , 644.6162185668945
15.1 , 645.1282444000244
14.7 , 645.6301248073578
13.3 , 646.1369960308075
16.7 , 646.6435852050781
15.6 , 647.151230096817
16.3 , 647.6618070602417
13.3 , 648.1647520065308
18.3 , 648.6709558963776
22.3 , 649.1764736175537
14.1 , 649.6818878650665
24.2 , 650.1914434432983
28.5 , 650.6974580287933
28.0 , 651.2002248764038
35.8 , 651.705235004425
22.0 , 652.2094750404358
17.1 , 652.7161686420441
13.4 , 653.221328496933
14.4 , 653.7264928817749
14.6 , 654.233820438385
17.7 , 654.73885679245
21.3 , 655.2454142570496
21.1 , 655.7592833042145
16.0 , 656.2660367488861
16.2 , 656.7710506916046
17.1 , 657.2759366035461
15.9 , 657.783787727356
15.6 , 658.290390253067
16.0 , 658.793520450592
15.6 , 659.2950375080109
16.9 , 659.7988529205322
15.4 , 660.30717420578
30.6 , 660.8129677772522
28.4 , 661.3208181858063
33.7 , 661.825466632843
28.3 , 662.3272514343262
22.4 , 662.8302202224731
15.8 , 663.3359718322754
17.0 , 663.8459303379059
14.8 , 664.3528220653534
18.3 , 664.8586735725403
30.0 , 665.362405538559
33.6 , 665.8640348911285
26.9 , 666.3660364151001
19.5 , 666.8737468719482
26.3 , 667.3796110153198
20.5 , 667.887993812561
20.2 , 668.4034969806671
17.2 , 668.9110095500946
24.6 , 669.4140586853027
18.9 , 669.916757106781
20.2 , 670.4236965179443
19.9 , 670.9295761585236
34.6 , 671.4356832504272
27.9 , 671.939416885376
28.0 , 672.4463157653809
27.9 , 672.952043056488
17.7 , 673.458767414093
19.1 , 673.9639225006104
16.7 , 674.4654903411865
24.7 , 674.9742522239685
14.8 , 675.4768404960632
20.9 , 675.9808588027954
17.4 , 676.485867023468
21.1 , 676.9928929805756
26.6 , 677.4958250522614
19.5 , 678.0040302276611
17.1 , 678.5112040042877
14.1 , 679.0178184509277
14.8 , 679.5258929729462
20.9 , 680.032817363739
14.8 , 680.5402681827545
16.8 , 681.0466344356537
28.4 , 681.5520303249359
30.9 , 682.0528452396393
25.8 , 682.5598270893097
29.6 , 683.0651612281799
23.0 , 683.5731043815613
17.8 , 684.077620267868
15.5 , 684.5817544460297
14.5 , 685.0915608406067
13.3 , 685.5984735488892
14.1 , 686.1020579338074
17.6 , 686.6079049110413
14.8 , 687.1178464889526
16.1 , 687.6243858337402
17.4 , 688.1290125846863
18.9 , 688.6302134990692
12.5 , 689.1361353397369
16.3 , 689.6384856700897
13.8 , 690.1447196006775
18.4 , 690.6515185832977
15.9 , 691.161810874939
19.5 , 691.664877653122
30.7 , 692.1689405441284
31.5 , 692.6774170398712
28.3 , 693.1822578907013
29.9 , 693.6875848770142
20.5 , 694.1960656642914
20.4 , 694.7037727832794
15.6 , 695.2119131088257
19.8 , 695.7180120944977
20.6 , 696.2239286899567
17.4 , 696.7274911403656
14.8 , 697.2378447055817
25.4 , 697.7441785335541
18.3 , 698.2498681545258
19.5 , 698.75559425354
13.0 , 699.2605051994324
17.7 , 699.7646768093109
14.4 , 700.2747888565063
17.1 , 700.7818291187286
16.2 , 701.2858781814575
14.5 , 701.7949321269989
24.6 , 702.3008143901825
31.1 , 702.8161690235138
28.3 , 703.3315801620483
27.9 , 703.8362152576447
27.7 , 704.3390557765961
23.4 , 704.8494737148285
12.6 , 705.3528790473938
19.0 , 705.8568644523621
15.8 , 706.3655755519867
14.8 , 706.8712522983551
14.3 , 707.3762662410736
13.7 , 707.8916885852814
12.9 , 708.3973386287689
18.3 , 708.9064493179321
14.0 , 709.4134986400604
16.7 , 709.9170641899109
20.2 , 710.4216067790985
14.1 , 710.9255666732788
18.0 , 711.4352719783783
16.5 , 711.9444320201874
17.5 , 712.4497442245483
27.4 , 712.9534604549408
41.9 , 713.4583120346069
28.4 , 713.9633474349976
29.1 , 714.4688506126404
29.1 , 714.9782214164734
22.4 , 715.4830327033997
21.2 , 715.9838898181915
21.9 , 716.4892811775208
18.5 , 716.9921715259552
17.1 , 717.4966294765472
14.0 , 718.0044600963593
17.0 , 718.5125427246094
15.8 , 719.0210652351379
12.9 , 719.5250256061554
19.0 , 720.0320880413055
14.4 , 720.5393493175507
14.8 , 721.0476679801941
18.9 , 721.5504279136658
13.3 , 722.057254076004
18.0 , 722.5657517910004
17.6 , 723.0751996040344
32.4 , 723.5810391902924
31.4 , 724.0858399868011
31.9 , 724.590329170227
27.1 , 725.0946307182312
24.8 , 725.6050817966461
15.8 , 726.1104292869568
13.8 , 726.6187026500702
16.8 , 727.1238787174225
14.5 , 727.6318800449371
16.7 , 728.1353752613068
13.3 , 728.6394574642181
15.2 , 729.1423392295837
13.7 , 729.6481742858887
16.1 , 730.1513302326202
20.4 , 730.657880783081
24.0 , 731.164413690567
23.3 , 731.67103099823
23.4 , 732.1794698238373
22.4 , 732.6864633560181
19.9 , 733.1891639232635
24.2 , 733.6961493492126
39.2 , 734.2025775909424
34.5 , 734.7054326534271
38.8 , 735.2215392589569
29.3 , 735.7364342212677
23.6 , 736.2462964057922
17.6 , 736.7521903514862
19.1 , 737.257970571518
18.5 , 737.7630116939545
20.2 , 738.2670681476593
14.5 , 738.7830839157104
20.2 , 739.285041809082
17.0 , 739.7885999679565
14.4 , 740.2960817813873
14.4 , 740.8032360076904
15.2 , 741.3084614276886
19.5 , 741.8168699741364
20.9 , 742.3205153942108
16.7 , 742.821774482727
12.9 , 743.3257384300232
14.7 , 743.8333036899567
24.9 , 744.3409373760223
36.7 , 744.8466603755951
30.6 , 745.3539757728577
30.3 , 745.8614399433136
30.7 , 746.3752453327179
20.5 , 746.8918735980988
17.0 , 747.3936667442322
14.5 , 747.9015371799469
14.4 , 748.4100844860077
17.8 , 748.9176461696625
19.4 , 749.4241728782654
20.2 , 749.9272363185883
17.1 , 750.4345233440399
16.2 , 750.9427125453949
15.6 , 751.4509835243225
18.7 , 751.9589908123016
17.6 , 752.4640381336212
15.9 , 752.9707441329956
24.8 , 753.4747135639191
13.3 , 753.9795124530792
15.6 , 754.4833641052246
29.6 , 754.9903430938721
29.7 , 755.4934215545654
30.0 , 755.9981622695923
29.2 , 756.4997062683105
36.8 , 757.0060005187988
17.9 , 757.5086779594421
15.2 , 758.0148785114288
22.0 , 758.5191602706909
17.4 , 759.0254282951355
19.7 , 759.532431602478
21.9 , 760.037339925766
15.3 , 760.5403280258179
18.5 , 761.047196149826
15.2 , 761.5544319152832
14.4 , 762.0611984729767
13.3 , 762.5710246562958
15.6 , 763.0751864910126
16.9 , 763.5819797515869
17.1 , 764.0878553390503
18.9 , 764.5952026844025
17.2 , 765.1020936965942
30.6 , 765.6041753292084
31.6 , 766.1129422187805
38.5 , 766.6151711940765
27.7 , 767.1212184429169
29.2 , 767.6273233890533
19.8 , 768.1432719230652
14.8 , 768.6457722187042
17.2 , 769.1565315723419
16.2 , 769.6613128185272
15.2 , 770.1664924621582
14.1 , 770.6709129810333
13.6 , 771.1730072498322
14.8 , 771.68155169487
18.4 , 772.189516544342
18.8 , 772.6928644180298
17.6 , 773.1993563175201
15.9 , 773.7047212123871
17.1 , 774.2112636566162
14.4 , 774.7208485603333
23.2 , 775.2257311344147
22.1 , 775.7322933673859
35.8 , 776.2362043857574
26.7 , 776.7454373836517
27.5 , 777.2494626045227
31.1 , 777.75634932518
17.7 , 778.2601943016052
16.3 , 778.7622730731964
15.0 , 779.2698736190796
14.0 , 779.7753291130066
14.0 , 780.2851350307465
15.6 , 780.7933688163757
18.8 , 781.2989311218262
18.4 , 781.8018546104431
18.3 , 782.3081247806549
17.6 , 782.8246433734894
14.0 , 783.3313639163971
16.7 , 783.8383057117462
14.0 , 784.3445866107941
16.0 , 784.853437423706
21.2 , 785.3611617088318
21.3 , 785.8665773868561
25.5 , 786.3685348033905
32.7 , 786.8745391368866
28.8 , 787.3758718967438
36.0 , 787.8817389011383
29.6 , 788.3874101638794
22.4 , 788.8928627967834
14.1 , 789.3982064723969
15.6 , 789.9060196876526
13.7 , 790.4136402606964
15.1 , 790.919305562973
14.3 , 791.426598072052
21.7 , 791.9333362579346
16.4 , 792.4415168762207
19.2 , 792.9455075263977
12.9 , 793.4615988731384
17.4 , 793.9676902294159
14.7 , 794.4757399559021
13.7 , 794.9786651134491
18.7 , 795.481041431427
19.8 , 795.9881947040558
16.7 , 796.4930229187012
39.1 , 796.9989659786224
35.7 , 797.5016944408417
38.0 , 798.0036103725433
35.5 , 798.5092334747314
27.4 , 799.0119976997375
21.7 , 799.5144424438477
26.0 , 800.0194253921509
14.6 , 800.5277361869812
19.8 , 801.0322942733765
21.7 , 801.5338079929352
13.7 , 802.0401012897491
16.2 , 802.5467565059662
16.0 , 803.0559911727905
16.8 , 803.5635268688202
27.5 , 804.0656733512878
16.3 , 804.5716519355774
21.6 , 805.0762321949005
17.3 , 805.5807058811188
17.8 , 806.0878555774689
16.0 , 806.5895075798035
19.4 , 807.0950367450714
34.8 , 807.5998578071594
29.2 , 808.1157128810883
27.3 , 808.6219313144684
28.5 , 809.125155210495
25.1 , 809.6348078250885
23.6 , 810.1399602890015
17.4 , 810.6484179496765
16.3 , 811.1540615558624
17.0 , 811.6601297855377
13.7 , 812.1669082641602
13.7 , 812.6731178760529
22.1 , 813.1821916103363
17.4 , 813.6898488998413
18.1 , 814.1974713802338
17.1 , 814.700957775116
17.2 , 815.2055184841156
12.9 , 815.7135231494904
17.4 , 816.223179101944
13.3 , 816.7304854393005
14.0 , 817.2372193336487
20.9 , 817.7442965507507
36.8 , 818.2530672550201
28.3 , 818.7596530914307
29.1 , 819.264003276825
26.6 , 819.7673571109772
15.7 , 820.275874376297
15.2 , 820.78502368927
17.0 , 821.3007786273956
15.4 , 821.8036668300629
15.6 , 822.3119611740112
16.7 , 822.8144705295563
13.7 , 823.3221836090088
16.0 , 823.8294739723206
18.4 , 824.3339891433716
15.5 , 824.8375318050385
16.7 , 825.3536748886108
16.5 , 825.8585560321808
14.0 , 826.368597984314
14.4 , 826.8753683567047
16.2 , 827.3815360069275
23.9 , 827.8899059295654
28.2 , 828.4052197933197
37.8 , 828.9115483760834
29.6 , 829.4148669242859
27.3 , 829.9187545776367
33.3 , 830.423463344574
23.7 , 830.9290895462036
15.2 , 831.4312109947205
20.8 , 831.9373347759247
20.1 , 832.4383072853088
22.6 , 832.9422078132629
16.4 , 833.4475967884064
14.4 , 833.9545013904572
15.8 , 834.4566373825073
14.8 , 834.9640779495239
16.2 , 835.4710142612457
14.5 , 835.9815332889557
18.9 , 836.4873974323273
17.0 , 836.990211725235
13.6 , 837.494921207428
15.1 , 838.0018961429596
14.7 , 838.5065860748291
27.5 , 839.0116460323334
33.2 , 839.5195868015289
34.4 , 840.0245032310486
28.5 , 840.538765668869
30.2 , 841.0438511371613
19.9 , 841.5462596416473
13.7 , 842.0531086921692
18.8 , 842.5602488517761
19.6 , 843.0670158863068
22.4 , 843.5685346126556
15.6 , 844.0722093582153
12.9 , 844.5791666507721
16.3 , 845.0863873958588
25.2 , 845.5941853523254
22.7 , 846.094833612442
21.2 , 846.6112070083618
21.0 , 847.1130149364471
17.8 , 847.618818283081
18.1 , 848.1240360736847
14.4 , 848.6287386417389
14.9 , 849.138512134552
23.5 , 849.6437265872955
34.6 , 850.1508331298828
29.5 , 850.6595547199249
35.9 , 851.1622359752655
26.0 , 851.6634440422058
19.8 , 852.1709322929382
23.3 , 852.6733512878418
20.8 , 853.1744520664215
23.0 , 853.6798117160797
14.8 , 854.180908203125
17.5 , 854.6874196529388
14.4 , 855.1946980953217
16.7 , 855.700647354126
16.7 , 856.2072477340698
17.4 , 856.7085320949554
17.9 , 857.2157516479492
18.7 , 857.7212867736816
17.5 , 858.223626613617
13.7 , 858.7315022945404
16.6 , 859.2389969825745
13.6 , 859.7456293106079
32.7 , 860.2534756660461
34.0 , 860.7617437839508
30.9 , 861.2644505500793
40.1 , 861.7722511291504
34.0 , 862.2887122631073
28.1 , 862.7907845973969
20.6 , 863.3045160770416
20.9 , 863.8102879524231
23.0 , 864.3145298957825
16.3 , 864.8241341114044
24.0 , 865.3315322399139
28.4 , 865.8335514068604
14.1 , 866.3352165222168
20.9 , 866.843275308609
15.4 , 867.3506035804749
17.1 , 867.8574316501617
17.3 , 868.3672399520874
16.7 , 868.8705163002014
18.0 , 869.3738479614258
15.3 , 869.8810369968414
13.8 , 870.3878345489502
29.3 , 870.8962080478668
34.5 , 871.4016921520233
29.8 , 871.9031691551208
31.7 , 872.4078664779663
27.7 , 872.9248149394989
18.1 , 873.4330143928528
14.4 , 873.9364838600159
18.7 , 874.445830821991
16.3 , 874.9558901786804
14.5 , 875.4609525203705
18.0 , 875.9657163619995
13.6 , 876.4659190177917
13.3 , 876.9754114151001
20.7 , 877.4832625389099
16.3 , 877.9892599582672
20.1 , 878.4962677955627
17.1 , 878.9993669986725
19.2 , 879.5070445537567
16.8 , 880.0124897956848
16.7 , 880.5149714946747
17.7 , 881.0228233337402
27.2 , 881.5273442268372
41.9 , 882.0350117683411
32.6 , 882.5376002788544
30.5 , 883.0472660064697
32.8 , 883.5534312725067
21.6 , 884.0565974712372
15.5 , 884.5625386238098
15.5 , 885.0682978630066
19.1 , 885.5751576423645
17.7 , 886.0827081203461
17.7 , 886.5982143878937
18.1 , 887.1141924858093
12.9 , 887.6220667362213
18.6 , 888.1296331882477
13.7 , 888.6356048583984
19.2 , 889.1427617073059
15.3 , 889.6482329368591
16.0 , 890.1559927463531
19.9 , 890.6608502864838
18.2 , 891.1759066581726
18.0 , 891.6820192337036
31.2 , 892.1875541210175
31.6 , 892.694766998291
31.1 , 893.2015533447266
30.1 , 893.7083542346954
31.0 , 894.2141740322113
23.8 , 894.7167191505432
20.2 , 895.220077753067
16.2 , 895.7220771312714
13.7 , 896.228018283844
15.2 , 896.7329869270325
22.7 , 897.2424104213715
16.6 , 897.7484519481659
20.2 , 898.2577974796295
15.6 , 898.7657976150513
13.7 , 899.2689843177795
13.3 , 899.7732675075531
14.8 , 900.2791674137115
