[0.5316746830940247, 0.02932848408818245, 0.8956637382507324, 0.9054237008094788, 0.12147193402051926, 0.6570342183113098, 0.073768749833107, 0.2566380202770233, 0.1716456413269043, 0.7145249247550964, 0.789038360118866, 0.5997252464294434, 0.6786477565765381, 0.5463839769363403, 0.6154877543449402, 0.2184237539768219, 0.6504743695259094, 0.6877419352531433, 0.3730606734752655, 0.7198634147644043, 0.1792536824941635, 0.4208833873271942, 0.5221071243286133, 0.28454357385635376, 0.9456680417060852, 0.026859046891331673, 0.9126832485198975, 0.9804054498672485, 0.7595487833023071, 0.8301122784614563, 0.6886100172996521, 0.19387072324752808] 0.6670389175415039
[0.6210582852363586, 0.8703656792640686, 0.4484865367412567, 0.8197682499885559, 0.6589257121086121, 0.3685659170150757, 0.07177738100290298, 0.841130793094635, 0.3474808931350708, 0.1662653535604477, 0.31355684995651245, 0.3164541721343994, 0.8492088317871094, 0.6613267064094543, 0.05699119716882706, 0.8628272414207458, 0.12588989734649658, 0.4291398525238037, 0.48350757360458374, 0.5913298726081848, 0.8047126531600952, 0.2795768976211548, 0.8492334485054016, 0.8519439697265625, 0.3819873332977295, 0.5378167629241943, 0.39964911341667175, 0.20730741322040558, 0.3134106695652008, 0.7418656349182129, 0.13772648572921753, 0.22101858258247375] 0.6830379962921143
[0.6810888648033142, 0.7782984375953674, 0.6950013637542725, 0.4593222141265869, 0.6895314455032349, 0.7526823282241821, 0.726760745048523, 0.04561198875308037, 0.15985247492790222, 0.791204035282135, 0.8400687575340271, 0.7122462391853333, 0.3004898726940155, 0.20849712193012238, 0.7876046895980835, 0.33219781517982483, 0.996849775314331, 0.19784630835056305, 0.03686882182955742, 0.9755904078483582, 0.1742321401834488, 0.9827180504798889, 0.5958696007728577, 0.025835968554019928, 0.9988194108009338, 0.03328021243214607, 0.3451717495918274, 0.9652008414268494, 0.7780805826187134, 0.8930031657218933, 0.21835479140281677, 0.1410977840423584] 0.6990351676940918
[0.4942079186439514, 0.6553705930709839, 0.3629339337348938, 0.43176454305648804, 0.8851580619812012, 0.11879176646471024, 0.8417150974273682, 0.5650390386581421, 0.7906691431999207, 0.691779375076294, 0.640805721282959, 0.2811892330646515, 0.2360420525074005, 0.5344013571739197, 0.4885494112968445, 0.8084406852722168, 0.9608343243598938, 0.0612143911421299, 0.32772350311279297, 0.2685648500919342, 0.5225734114646912, 0.9762777090072632, 0.08991141617298126, 0.47453147172927856, 0.15245305001735687, 0.8211748600006104, 0.8102487325668335, 0.3328865170478821, 0.5102323889732361, 0.2527783513069153, 0.558641791343689, 0.1912616342306137] 0.7150390148162842
[0.6012781858444214, 0.3478197455406189, 0.7676485180854797, 0.2687447965145111, 0.7854337692260742, 0.7310341596603394, 0.5128251910209656, 0.6627829074859619, 0.06873774528503418, 0.9494847655296326, 0.30315470695495605, 0.6783333420753479, 0.27079588174819946, 0.1469113677740097, 0.6386154294013977, 0.41803669929504395, 0.9716277718544006, 0.281404048204422, 0.6675109267234802, 0.21320638060569763, 0.5928019285202026, 0.10576736927032471, 0.6134209632873535, 0.18153826892375946, 0.11931774765253067, 0.3311430811882019, 0.3102321922779083, 0.5680831670761108, 0.06993412226438522, 0.5198498964309692, 0.9734830856323242, 0.05652231723070145] 0.7310383319854736
[0.628519594669342, 0.32559993863105774, 0.10742230713367462, 0.28239908814430237, 0.3230588734149933, 0.9574511051177979, 0.28922542929649353, 0.9630602598190308, 0.7607706785202026, 0.9621395468711853, 0.9272060394287109, 0.4452507495880127, 0.30123820900917053, 0.6963247656822205, 0.21114692091941833, 0.49968627095222473, 0.07820230722427368, 0.1569632887840271, 0.5258119106292725, 0.4072920083999634, 0.18868912756443024, 0.6766272187232971, 0.6716176271438599, 0.015472483821213245, 0.6485012769699097, 0.729925274848938, 0.356313019990921, 0.8055727481842041, 0.8043641448020935, 0.8871510028839111, 0.16989700496196747, 0.10160843282938004] 0.7470381259918213
[0.3103875517845154, 0.769373893737793, 0.8686137199401855, 0.30935436487197876, 0.45983272790908813, 0.5790567994117737, 0.32240790128707886, 0.403591513633728, 0.8751307725906372, 0.19674119353294373, 0.6088083386421204, 0.029358558356761932, 0.6047908663749695, 0.3414847254753113, 0.8753345012664795, 0.1342063844203949, 0.8120142817497253, 0.4166751801967621, 0.7708755731582642, 0.4688800871372223, 0.09705160558223724, 0.03205340728163719, 0.03116241842508316, 0.13056088984012604, 0.269013375043869, 0.4710180461406708, 0.7524629831314087, 0.6912031769752502, 0.14871419966220856, 0.5026496648788452, 0.7960501313209534, 0.1717674434185028] 0.7630300521850586
[0.15255610644817352, 0.9330530166625977, 0.7160337567329407, 0.02848382666707039, 0.43617188930511475, 0.5103501677513123, 0.5808322429656982, 0.3173551857471466, 0.7729527950286865, 0.2548201382160187, 0.62032550573349, 0.014094521291553974, 0.8439761996269226, 0.7130681276321411, 0.11488118022680283, 0.6352326273918152, 0.3812539875507355, 0.056638311594724655, 0.9242197871208191, 0.9292261004447937, 0.012470312416553497, 0.7204224467277527, 0.5197819471359253, 0.45632725954055786, 0.740868091583252, 0.3113689720630646, 0.669785737991333, 0.6224741339683533, 0.9529398679733276, 0.5243798494338989, 0.9536357522010803, 0.47599852085113525] 0.7790012359619141
[0.12725095450878143, 0.051788330078125, 0.0482650063931942, 0.19384652376174927, 0.6428435444831848, 0.17499396204948425, 0.18701739609241486, 0.8972405195236206, 0.9157729148864746, 0.7909942865371704, 0.47295549511909485, 0.14441433548927307, 0.882463812828064, 0.03802098333835602, 0.5588675141334534, 0.756845235824585, 0.6730830669403076, 0.0250201765447855, 0.6524947285652161, 0.17824874818325043, 0.5794448852539062, 0.8697152137756348, 0.4063682556152344, 0.7562911510467529, 0.6733399033546448, 0.5367988348007202, 0.20095133781433105, 0.15029318630695343, 0.42909717559814453, 0.08109061419963837, 0.3782227039337158, 0.8825039267539978] 0.7940309047698975
[0.9339800477027893, 0.7869380116462708, 0.18692223727703094, 0.6371333599090576, 0.508346438407898, 0.17581011354923248, 0.2518666088581085, 0.6266993284225464, 0.298039048910141, 0.8231062293052673, 0.6024782657623291, 0.7861602306365967, 0.09216193109750748, 0.6845060586929321, 0.33425992727279663, 0.4807273745536804, 0.8443350791931152, 0.5838798880577087, 0.4687648415565491, 0.9688456058502197, 0.777442216873169, 0.7938557267189026, 0.8475302457809448, 0.36409592628479004, 0.5727407932281494, 0.7481236457824707, 0.14663070440292358, 0.025068217888474464, 0.5819463729858398, 0.2887113690376282, 0.47651782631874084, 0.04068978875875473] 0.809032678604126
[0.18948274850845337, 0.7373969554901123, 0.9754452705383301, 0.40432751178741455, 0.8083840012550354, 0.5854527950286865, 0.6916543245315552, 0.10537848621606827, 0.28155410289764404, 0.6540735363960266, 0.6352885961532593, 0.04775123670697212, 0.6804171800613403, 0.7306490540504456, 0.5314180254936218, 0.15176285803318024, 0.17741431295871735, 0.6823389530181885, 0.4469914734363556, 0.7816482782363892, 0.7042393088340759, 0.8088157176971436, 0.5178248286247253, 0.9324651956558228, 0.6424745917320251, 0.04733870550990105, 0.721182107925415, 0.8745433688163757, 0.9185113906860352, 0.8827632069587708, 0.3279010057449341, 0.1530010849237442] 0.8240368366241455
[0.9455721378326416, 0.5941885113716125, 0.2342357188463211, 0.5915185809135437, 0.14376786351203918, 0.18613238632678986, 0.5260772705078125, 0.35267138481140137, 0.7264679670333862, 0.4465206265449524, 0.045764271169900894, 0.49713101983070374, 0.5931767225265503, 0.4214385151863098, 0.5828524827957153, 0.6518191695213318, 0.7723431587219238, 0.21954773366451263, 0.7282008528709412, 0.7413445711135864, 0.6204552054405212, 0.39895761013031006, 0.644760251045227, 0.05642491206526756, 0.4711379408836365, 0.49839767813682556, 0.6127680540084839, 0.25390195846557617, 0.21846896409988403, 0.303520530462265, 0.6315487027168274, 0.583001434803009] 0.839038610458374
[0.3148293197154999, 0.40502259135246277, 0.061669010668992996, 0.7459791898727417, 0.8674407005310059, 0.02919434942305088, 0.4544685184955597, 0.6221888065338135, 0.6732080578804016, 0.871616005897522, 0.8903032541275024, 0.8354701995849609, 0.21282777190208435, 0.6693289279937744, 0.8923437595367432, 0.2492949366569519, 0.6855255961418152, 0.6383699774742126, 0.1169145256280899, 0.27589207887649536, 0.2698921263217926, 0.9708732962608337, 0.0015686267288401723, 0.6606943607330322, 0.8471494913101196, 0.3738836944103241, 0.25633886456489563, 0.12881693243980408, 0.7392447590827942, 0.836450457572937, 0.9197487235069275, 0.9887091517448425] 0.8550291061401367
[0.5378431081771851, 0.3122789263725281, 0.5924095511436462, 0.012061089277267456, 0.3646526038646698, 0.1900419294834137, 0.9848839044570923, 0.34526732563972473, 0.3227633833885193, 0.5682690143585205, 0.47275885939598083, 0.7943474054336548, 0.21260225772857666, 0.8357484936714172, 0.16807174682617188, 0.06553349643945694, 0.7288514971733093, 0.9701111912727356, 0.1696716547012329, 0.07259055227041245, 0.4641595482826233, 0.9498043656349182, 0.15985184907913208, 0.3295442461967468, 0.4587583839893341, 0.33200886845588684, 0.03342160955071449, 0.614290714263916, 0.8169497847557068, 0.22999362647533417, 0.38992610573768616, 0.7244194746017456] 0.8700299263000488
[0.7451053857803345, 0.34444037079811096, 0.4945301413536072, 0.027980437502264977, 0.2438623607158661, 0.7146049737930298, 0.005575725808739662, 0.13714002072811127, 0.4153410494327545, 0.6797497868537903, 0.016555678099393845, 0.5161815881729126, 0.6220726370811462, 0.19194431602954865, 0.5001294612884521, 0.7003831267356873, 0.3497639298439026, 0.8632742762565613, 0.5165777802467346, 0.902103066444397, 0.4253863990306854, 0.07507456094026566, 0.9068432450294495, 0.47117117047309875, 0.6627832651138306, 0.8877195119857788, 0.5065730214118958, 0.9685373306274414, 0.07739995419979095, 0.059462375938892365, 0.4985221326351166, 0.6493052244186401] 0.8850350379943848
[0.42055490612983704, 0.5528284907341003, 0.4339010417461395, 0.06099337711930275, 0.629621684551239, 0.13864664733409882, 0.3077392578125, 0.19097216427326202, 0.9932916760444641, 0.3423542082309723, 0.11129077523946762, 0.7289782762527466, 0.07633525133132935, 0.6936720609664917, 0.7670400738716125, 0.3165850341320038, 0.9911224842071533, 0.7176802158355713, 0.7529006004333496, 0.04268984496593475, 0.3492119610309601, 0.49880295991897583, 0.48173850774765015, 0.746089518070221, 0.3254745602607727, 0.5746445655822754, 0.7585606575012207, 0.8272572755813599, 0.5550675392150879, 0.3171733021736145, 0.12898802757263184, 0.43406882882118225] 0.9000351428985596
[0.4031297564506531, 0.7647548913955688, 0.7983832955360413, 0.06980737298727036, 0.7100235819816589, 0.3366835415363312, 0.18898481130599976, 0.6139295101165771, 0.3569873869419098, 0.26336926221847534, 0.8080558180809021, 0.07788903266191483, 0.2622130513191223, 0.30993959307670593, 0.788914144039154, 0.3656839430332184, 0.6601728796958923, 0.3937666714191437, 0.13535083830356598, 0.6705929040908813, 0.33967578411102295, 0.27466219663619995, 0.09413404762744904, 0.8085771799087524, 0.933235764503479, 0.425709992647171, 0.17171710729599, 0.14581657946109772, 0.4220968186855316, 0.040731120854616165, 0.7491098642349243, 0.22628870606422424] 0.9150416851043701
[0.052299220114946365, 0.4053831994533539, 0.40164241194725037, 0.5088421106338501, 0.6342688202857971, 0.24509264528751373, 0.4623992443084717, 0.4705003499984741, 0.20380227267742157, 0.22601711750030518, 0.8437204957008362, 0.2036094069480896, 0.9927306175231934, 0.5214070677757263, 0.7329042553901672, 0.9737865924835205, 0.7274400591850281, 0.9759912490844727, 0.6205650568008423, 0.6188913583755493, 0.1047680452466011, 0.9089632034301758, 0.7157154679298401, 0.3322570323944092, 0.5636599659919739, 0.8623030185699463, 0.9398176670074463, 0.44194748997688293, 0.5061007142066956, 0.41165122389793396, 0.5588141679763794, 0.15120862424373627] 0.931016206741333
[0.5504982471466064, 0.7498558163642883, 0.696013867855072, 0.5250373482704163, 0.11322798579931259, 0.9836754202842712, 0.09786958992481232, 0.6762660145759583, 0.9031177163124084, 0.43942388892173767, 0.8713048696517944, 0.9839606881141663, 0.6021742820739746, 0.15967302024364471, 0.5872548222541809, 0.3722151517868042, 0.6490682363510132, 0.8812626004219055, 0.517853856086731, 0.9500138759613037, 0.5854337811470032, 0.8914428949356079, 0.6406686305999756, 0.9128748178482056, 0.38463741540908813, 0.5159232020378113, 0.18706651031970978, 0.5516476035118103, 0.030370479449629784, 0.7557294368743896, 0.9125116467475891, 0.08612179011106491] 0.946037769317627
[0.2134121209383011, 0.6148287653923035, 0.295171320438385, 0.483247846364975, 0.668813169002533, 0.3137081265449524, 0.595005989074707, 0.3979136347770691, 0.010198586620390415, 0.2776699364185333, 0.2783891558647156, 0.13694611191749573, 0.5271736979484558, 0.25591346621513367, 0.5284790992736816, 0.1784142255783081, 0.6329977512359619, 0.40109777450561523, 0.8933764100074768, 0.31945425271987915, 0.5954267978668213, 0.8871167898178101, 0.8460463881492615, 0.3180201053619385, 0.720515787601471, 0.7474767565727234, 0.34322112798690796, 0.8989133238792419, 0.8780561685562134, 0.6537120938301086, 0.818988561630249, 0.21175432205200195] 0.962028980255127
[0.99616539478302, 0.43761810660362244, 0.28567150235176086, 0.36097052693367004, 0.35458773374557495, 0.7206385135650635, 0.43226659297943115, 0.4752940535545349, 0.31226465106010437, 0.1269693523645401, 0.890670657157898, 0.42811140418052673, 0.5652284026145935, 0.22683881223201752, 0.4467744529247284, 0.2875886559486389, 0.3022598624229431, 0.5260828137397766, 0.8195183277130127, 0.5717164278030396, 0.47294411063194275, 0.1396384835243225, 0.8964722156524658, 0.8072339296340942, 0.8540075421333313, 0.006126968655735254, 0.02710098586976528, 0.2237098515033722, 0.40762269496917725, 0.29998618364334106, 0.5514750480651855, 0.977241575717926] 0.9780294895172119
[0.6566800475120544, 0.029383281245827675, 0.6378600597381592, 0.38353946805000305, 0.7655035853385925, 0.5590052008628845, 0.587027370929718, 0.8140498399734497, 0.8599412441253662, 0.3046903610229492, 0.5932691693305969, 0.3825019598007202, 0.15305015444755554, 0.9838609099388123, 0.8722392320632935, 0.22010405361652374, 0.6480231285095215, 0.0261708814650774, 0.19183704257011414, 0.6146513223648071, 0.05836561322212219, 0.05412539839744568, 0.73683762550354, 0.47158870100975037, 0.07413261383771896, 0.09536200761795044, 0.9932587742805481, 0.7566758990287781, 0.23926836252212524, 0.6285750269889832, 0.9579886198043823, 0.6417612433433533] 0.9940314292907715
[0.6443105340003967, 0.32373395562171936, 0.05846023187041283, 0.7627649307250977, 0.7623363137245178, 0.6265546083450317, 0.2612929046154022, 0.680787205696106, 0.266941100358963, 0.7334961891174316, 0.3517090678215027, 0.04607316106557846, 0.9249921441078186, 0.6774519085884094, 0.966647207736969, 0.5410196781158447, 0.3567441701889038, 0.3024788796901703, 0.1912824660539627, 0.6813433766365051, 0.5827940702438354, 0.04604099318385124, 0.9801148176193237, 0.6399929523468018, 0.07706524431705475, 0.7136326432228088, 0.3921246826648712, 0.6323428750038147, 0.06065623089671135, 0.19435963034629822, 0.050734613090753555, 0.5657345652580261] 1.0100066661834717
[0.4997464716434479, 0.32280728220939636, 0.5655426383018494, 0.10800178349018097, 0.2344897836446762, 0.747734785079956, 0.5000708699226379, 0.11643430590629578, 0.48402103781700134, 0.2042742222547531, 0.3337951898574829, 0.22042711079120636, 0.6979690194129944, 0.4223411977291107, 0.19792112708091736, 0.6150520443916321, 0.020638054236769676, 0.616041362285614, 0.5447586178779602, 0.25031960010528564, 0.48212340474128723, 0.6494152545928955, 0.19239221513271332, 0.1971512883901596, 0.11421599239110947, 0.6490548253059387, 0.4398007094860077, 0.8982271552085876, 0.5426914095878601, 0.060659538954496384, 0.08906036615371704, 0.6520199775695801] 1.0250377655029297
[0.10993373394012451, 0.7453967332839966, 0.8558785319328308, 0.9785874485969543, 0.6220270991325378, 0.681761622428894, 0.17454993724822998, 0.3768194615840912, 0.6151951551437378, 0.5805307626724243, 0.767771303653717, 0.2947959303855896, 0.5289120078086853, 0.28362491726875305, 0.9336445331573486, 0.16434639692306519, 0.15170621871948242, 0.164515420794487, 0.564763069152832, 0.33844515681266785, 0.23408618569374084, 0.07384513318538666, 0.6751272082328796, 0.9484566450119019, 0.39450162649154663, 0.5742743611335754, 0.26459386944770813, 0.7109624743461609, 0.014148926362395287, 0.8543904423713684, 0.5601086020469666, 0.012872837483882904] 1.0401582717895508
[0.6431837677955627, 0.20684337615966797, 0.920660674571991, 0.01046961173415184, 0.18936042487621307, 0.8431302309036255, 0.007560450118035078, 0.8280408978462219, 0.6401287913322449, 0.656879723072052, 0.720970869064331, 0.14577752351760864, 0.2255369871854782, 0.1408030092716217, 0.27530625462532043, 0.24826964735984802, 0.11389859020709991, 0.08632875978946686, 0.6755127906799316, 0.38914546370506287, 0.9997214078903198, 0.3968692421913147, 0.9508207440376282, 0.9059605002403259, 0.832221269607544, 0.828680157661438, 0.5913487076759338, 0.9362691044807434, 0.6288285255432129, 0.8950390815734863, 0.979107677936554, 0.37753695249557495] 1.0561556816101074
[0.39800360798835754, 0.24899253249168396, 0.33472442626953125, 0.9226813912391663, 0.01833578571677208, 0.39709243178367615, 0.9957902431488037, 0.4242917001247406, 0.056390389800071716, 0.503118097782135, 0.16481192409992218, 0.9582205414772034, 0.8827703595161438, 0.7494012117385864, 0.9530900120735168, 0.8340526819229126, 0.20437826216220856, 0.5008358359336853, 0.4752725660800934, 0.10753075778484344, 0.5442646145820618, 0.49193432927131653, 0.5279219746589661, 0.3453071713447571, 0.26888036727905273, 0.5024493932723999, 0.5380446314811707, 0.920674204826355, 0.19666503369808197, 0.6096045970916748, 0.5407918691635132, 0.001759505015797913] 1.0721499919891357
[0.2142280489206314, 0.4347286522388458, 0.8980071544647217, 0.3702106475830078, 0.3038907051086426, 0.024820175021886826, 0.42670637369155884, 0.7264944314956665, 0.22010968625545502, 0.02703908272087574, 0.11008189618587494, 0.18827760219573975, 0.5510377287864685, 0.8997936248779297, 0.08924056589603424, 0.05016370862722397, 0.9226924777030945, 0.4539913833141327, 0.8177434206008911, 0.7933859825134277, 0.48828840255737305, 0.1656355857849121, 0.14120642840862274, 0.8620604276657104, 0.8757904171943665, 0.8542608022689819, 0.5913195013999939, 0.3952028751373291, 0.0027197515591979027, 0.9688198566436768, 0.22754527628421783, 0.2551637887954712] 1.0871505737304688
[0.0003220759390387684, 0.8971073031425476, 0.23466522991657257, 0.3061028718948364, 0.9301168918609619, 0.43171319365501404, 0.7371833920478821, 0.734184741973877, 0.4411303400993347, 0.7083515524864197, 0.03973918780684471, 0.8151631951332092, 0.7929844260215759, 0.9661404490470886, 0.6374702453613281, 0.30624836683273315, 0.7721510529518127, 0.48279497027397156, 0.7596642971038818, 0.2214667648077011, 0.5884119868278503, 0.3202093839645386, 0.6026917099952698, 0.6940262913703918, 0.32781165838241577, 0.9550624489784241, 0.4148665964603424, 0.7291224002838135, 0.09761616587638855, 0.37772077322006226, 0.9339393377304077, 0.5373006463050842] 1.1021552085876465
[0.9663638472557068, 0.42412465810775757, 0.2290930449962616, 0.4480802118778229, 0.7623915672302246, 0.814475953578949, 0.9921692609786987, 0.22293277084827423, 0.6104116439819336, 0.6744006276130676, 0.7251160144805908, 0.050515614449977875, 0.19315586984157562, 0.2731371223926544, 0.6773292422294617, 0.8084093928337097, 0.0321093313395977, 0.3010394871234894, 0.8752332925796509, 0.47555243968963623, 0.870719313621521, 0.10000826418399811, 0.13412442803382874, 0.4426608383655548, 0.4768922030925751, 0.46442726254463196, 0.11829577386379242, 0.5510687232017517, 0.8321435451507568, 0.7016862630844116, 0.6240547895431519, 0.38793787360191345] 1.118149995803833
[0.8512017726898193, 0.443697988986969, 0.5062937140464783, 0.029948515817523003, 0.5826091766357422, 0.007031683344393969, 0.3267558217048645, 0.49998971819877625, 0.34359613060951233, 0.39827418327331543, 0.2522803246974945, 0.766186535358429, 0.6665692925453186, 0.5322715044021606, 0.2844911515712738, 0.6370790600776672, 0.298164039850235, 0.4196713864803314, 0.5408957004547119, 0.0445118322968483, 0.9558239579200745, 0.7058025002479553, 0.12684369087219238, 0.029469884932041168, 0.8181846737861633, 0.6359516978263855, 0.6973280310630798, 0.23872466385364532, 0.7806075215339661, 0.4077826738357544, 0.08902212977409363, 0.509610652923584] 1.1341488361358643
[0.3913382291793823, 0.9509584903717041, 0.6946621537208557, 0.7045658230781555, 0.9795547723770142, 0.6118744015693665, 0.40681707859039307, 0.23394033312797546, 0.8738563060760498, 0.09919387847185135, 0.8521113991737366, 0.07120748609304428, 0.9987426400184631, 0.841678261756897, 0.10965768992900848, 0.7288500070571899, 0.09768803417682648, 0.1364874243736267, 0.40028420090675354, 0.6459044814109802, 0.24638311564922333, 0.5477526187896729, 0.03503631800413132, 0.7588678598403931, 0.12379971146583557, 0.3266104459762573, 0.9659857153892517, 0.7168083190917969, 0.2693522274494171, 0.15997032821178436, 0.7203373312950134, 0.7377555966377258] 1.149155855178833
[0.6438980102539062, 0.7496392130851746, 0.27508309483528137, 0.6195721626281738, 0.16397710144519806, 0.36082667112350464, 0.28441500663757324, 0.41084468364715576, 0.8148135542869568, 0.20959074795246124, 0.2245795875787735, 0.316998690366745, 0.6562985181808472, 0.013020740821957588, 0.8886913657188416, 0.5380011796951294, 0.03416489437222481, 0.3483569025993347, 0.2462587207555771, 0.5114848613739014, 0.2995949387550354, 0.9024613499641418, 0.918166995048523, 0.9592557549476624, 0.20352888107299805, 0.005759262014180422, 0.8103111982345581, 0.04213409125804901, 0.9125720262527466, 0.7596831321716309, 0.4990784525871277, 0.1140761449933052] 1.1651549339294434
[0.8581171035766602, 0.4783519208431244, 0.4304816424846649, 0.7936623692512512, 0.8798801898956299, 0.048648785799741745, 0.6860135197639465, 0.6882299184799194, 0.057428643107414246, 0.3299886882305145, 0.05462159961462021, 0.5991302132606506, 0.7227238416671753, 0.2290400266647339, 0.34929150342941284, 0.6510846614837646, 0.8528611660003662, 0.6377657055854797, 0.9950263500213623, 0.9309881329536438, 0.8277639746665955, 0.8818327188491821, 0.18440286815166473, 0.18619070947170258, 0.49839386343955994, 0.3567463159561157, 0.8367953300476074, 0.9748021364212036, 0.8471949100494385, 0.9217267632484436, 0.5937090516090393, 0.8613556027412415] 1.181149959564209
[0.14534491300582886, 0.4202144742012024, 0.37945571541786194, 0.1899435818195343, 0.8701189756393433, 0.23400239646434784, 0.30594536662101746, 0.5482439398765564, 0.3321559727191925, 0.8617009520530701, 0.7723096013069153, 0.19739191234111786, 0.74997878074646, 0.05593246966600418, 0.08456553518772125, 0.8476843237876892, 0.08395949006080627, 0.2047758847475052, 0.414399653673172, 0.10319624841213226, 0.03893055394291878, 0.11475151777267456, 0.35707971453666687, 0.09453900158405304, 0.9366581439971924, 0.7651565670967102, 0.5354570150375366, 0.9942275881767273, 0.5282098054885864, 0.014246447943150997, 0.5989693403244019, 0.5039157867431641] 1.1971197128295898
[0.06557203829288483, 0.6497579216957092, 0.9371675848960876, 0.24086350202560425, 0.19410717487335205, 0.08139069378376007, 0.9863832592964172, 0.7831800580024719, 0.557712972164154, 0.12106183916330338, 0.36469465494155884, 0.35283464193344116, 0.9152225852012634, 0.47937875986099243, 0.7197384238243103, 0.4595768451690674, 0.36545464396476746, 0.5566994547843933, 0.583767294883728, 0.8314662575721741, 0.30019915103912354, 0.5463310480117798, 0.7120689153671265, 0.47161367535591125, 0.587788999080658, 0.5657758116722107, 0.8878609538078308, 0.008506553247570992, 0.2152603417634964, 0.588593602180481, 0.1385480761528015, 0.9057114124298096] 1.212120532989502
[0.5875741839408875, 0.6438283920288086, 0.672191321849823, 0.6678642630577087, 0.5006036162376404, 0.664091169834137, 0.28977978229522705, 0.7043709754943848, 0.3919312357902527, 0.14355148375034332, 0.9393303394317627, 0.3718336820602417, 0.88950514793396, 0.7459576725959778, 0.301548570394516, 0.10649866610765457, 0.6473294496536255, 0.19199171662330627, 0.671875, 0.930284857749939, 0.3381674289703369, 0.8732062578201294, 0.21980564296245575, 0.9599906802177429, 0.156768336892128, 0.9838953614234924, 0.7105514407157898, 0.5788809061050415, 0.5319936275482178, 0.29819947481155396, 0.780034065246582, 0.33814385533332825] 1.228118896484375
[0.8774033188819885, 0.6187488436698914, 0.597560465335846, 0.5361983180046082, 0.5359867215156555, 0.5039541721343994, 0.835638165473938, 0.9310718178749084, 0.8781090378761292, 0.40940701961517334, 0.349152535200119, 0.602561891078949, 0.13037781417369843, 0.7373894453048706, 0.5688391327857971, 0.6054767370223999, 0.5309690833091736, 0.6715651154518127, 0.6799312233924866, 0.45317983627319336, 0.3366069495677948, 0.6790738105773926, 0.5512035489082336, 0.411051869392395, 0.5048633217811584, 0.49807581305503845, 0.28880906105041504, 0.030558891594409943, 0.475160151720047, 0.8036245107650757, 0.2755519449710846, 0.20625373721122742] 1.2431204319000244
[0.9600386023521423, 0.8065425753593445, 0.06048419699072838, 0.662932276725769, 0.9276914000511169, 0.7327161431312561, 0.22597604990005493, 0.76759272813797, 0.9343243837356567, 0.8469951748847961, 0.3357805907726288, 0.017733028158545494, 0.5286284685134888, 0.3651899993419647, 0.42286229133605957, 0.9389895796775818, 0.8644205331802368, 0.7395729422569275, 0.6841656565666199, 0.5414181351661682, 0.0868728756904602, 0.8173695206642151, 0.06305190920829773, 0.9054643511772156, 0.7076684832572937, 0.9551770091056824, 0.519429087638855, 0.14217986166477203, 0.10223445296287537, 0.6204851269721985, 0.4361497163772583, 0.6121163964271545] 1.2586300373077393
[0.37741199135780334, 0.46143653988838196, 0.6605796813964844, 0.25222423672676086, 0.33611899614334106, 0.6809645295143127, 0.5866698622703552, 0.09320836514234543, 0.27870237827301025, 0.33836594223976135, 0.023484762758016586, 0.7928133606910706, 0.1921626776456833, 0.34997648000717163, 0.0396384634077549, 0.21903212368488312, 0.9788441061973572, 0.23274284601211548, 0.898136556148529, 0.3665667176246643, 0.17670944333076477, 0.16783908009529114, 0.6904802918434143, 0.23865874111652374, 0.49616745114326477, 0.571992039680481, 0.9823222160339355, 0.2282036989927292, 0.26537561416625977, 0.22517438232898712, 0.23391512036323547, 0.027398355305194855] 1.2746295928955078
[0.8644882440567017, 0.39822351932525635, 0.9858130216598511, 0.4202163815498352, 0.6099119186401367, 0.5741863250732422, 0.5057039856910706, 0.4904540777206421, 0.6466159820556641, 0.8848466277122498, 0.6734368801116943, 0.1603560745716095, 0.5351637601852417, 0.5182999968528748, 0.4085162281990051, 0.8674923777580261, 0.7724170088768005, 0.265778511762619, 0.7048507928848267, 0.6872612237930298, 0.9764848351478577, 0.22446036338806152, 0.4808151423931122, 0.5836991667747498, 0.9151191711425781, 0.47947096824645996, 0.4696086347103119, 0.5178912878036499, 0.25435519218444824, 0.8358496427536011, 0.2410125732421875, 0.19790764153003693] 1.2896316051483154
[0.7149048447608948, 0.14279474318027496, 0.43668073415756226, 0.8706991672515869, 0.9619331359863281, 0.32595252990722656, 0.547078549861908, 0.747278094291687, 0.06394842267036438, 0.2921558916568756, 0.21204309165477753, 0.6173996925354004, 0.4995465874671936, 0.9929295778274536, 0.5799932479858398, 0.0032784859649837017, 0.8470519185066223, 0.5355590581893921, 0.7625687718391418, 0.5277212262153625, 0.3468780815601349, 0.982871949672699, 0.8699093461036682, 0.3105357587337494, 0.23766067624092102, 0.3477049469947815, 0.981820285320282, 0.30112043023109436, 0.2586010694503784, 0.8407971858978271, 0.47077247500419617, 0.3959210515022278] 1.3056304454803467
[0.4420998990535736, 0.4545709490776062, 0.6303698420524597, 0.035006243735551834, 0.534398078918457, 0.9458367228507996, 0.4460122585296631, 0.11838401108980179, 0.5409752130508423, 0.6829463243484497, 0.2079165130853653, 0.6957824230194092, 0.21041227877140045, 0.9705803990364075, 0.22455474734306335, 0.9562151432037354, 0.19062496721744537, 0.03145565465092659, 0.5226805806159973, 0.6693980097770691, 0.6518887877464294, 0.20687231421470642, 0.4263369143009186, 0.20981204509735107, 0.4525061249732971, 0.6868331432342529, 0.37226906418800354, 0.6771484613418579, 0.5640078783035278, 0.5898115634918213, 0.06608421355485916, 0.3087570369243622] 1.3216297626495361
[0.4400796592235565, 0.4623483717441559, 0.3599301278591156, 0.9515008926391602, 0.3789720833301544, 0.27288818359375, 0.03783740475773811, 0.4552837312221527, 0.0583842508494854, 0.8952197432518005, 0.42904385924339294, 0.9240499138832092, 0.044171907007694244, 0.44321680068969727, 0.14496704936027527, 0.13319788873195648, 0.7166180610656738, 0.8080713748931885, 0.14957843720912933, 0.5808858871459961, 0.26304152607917786, 0.14546726644039154, 0.604820191860199, 0.5431442260742188, 0.0868791937828064, 0.16567252576351166, 0.14456059038639069, 0.9012281894683838, 0.525672435760498, 0.43380141258239746, 0.7071060538291931, 0.3871549367904663] 1.3366310596466064
[0.19020812213420868, 0.43034306168556213, 0.1635858118534088, 0.5516902804374695, 0.14869475364685059, 0.329388290643692, 0.13783222436904907, 0.5877637267112732, 0.5811365246772766, 0.46795031428337097, 0.6258333921432495, 0.11423448473215103, 0.33874115347862244, 0.11676130443811417, 0.33386534452438354, 0.831805408000946, 0.18357113003730774, 0.48631834983825684, 0.8121848106384277, 0.34925082325935364, 0.523685097694397, 0.1399974524974823, 0.8908336758613586, 0.016037434339523315, 0.9147797226905823, 0.7670490741729736, 0.4824998676776886, 0.6251717805862427, 0.6028817296028137, 0.2621306777000427, 0.6954832077026367, 0.6296905279159546] 1.352630376815796
[0.6145080327987671, 0.11679215729236603, 0.9057255983352661, 0.8663813471794128, 0.8604296445846558, 0.7901077270507812, 0.6206089854240417, 0.05900241807103157, 0.9001132249832153, 0.6964077353477478, 0.6105412840843201, 0.04379633441567421, 0.3305482864379883, 0.3355564773082733, 0.6472793817520142, 0.7404873371124268, 0.026770690456032753, 0.47630271315574646, 0.8772144913673401, 0.5067726373672485, 0.7446305155754089, 0.934927761554718, 0.3312992751598358, 0.17187726497650146, 0.6425738334655762, 0.3928286135196686, 0.013657213188707829, 0.6502206921577454, 0.5643784999847412, 0.9386160969734192, 0.306978315114975, 0.7885584831237793] 1.3686299324035645
[0.6161789894104004, 0.11991225183010101, 0.4558038115501404, 0.39890217781066895, 0.34160497784614563, 0.3263076841831207, 0.457826167345047, 0.4609861969947815, 0.6679206490516663, 0.04421768710017204, 0.8232908248901367, 0.3755747675895691, 0.6124804019927979, 0.8674651384353638, 0.8655717968940735, 0.20617564022541046, 0.6218245029449463, 0.04565589129924774, 0.9276904463768005, 0.9199085831642151, 0.9634065628051758, 0.6573430299758911, 0.8969315886497498, 0.8182744383811951, 0.5114238262176514, 0.14750604331493378, 0.36246567964553833, 0.5705764889717102, 0.32449355721473694, 0.3510453402996063, 0.3430469334125519, 0.18924440443515778] 1.3836312294006348
[0.16200846433639526, 0.06389523297548294, 0.349999338388443, 0.4135150909423828, 0.6678135395050049, 0.03246094658970833, 0.6853982210159302, 0.26777541637420654, 0.9514175653457642, 0.0862468034029007, 0.42366790771484375, 0.8110040426254272, 0.6907334923744202, 0.5979198217391968, 0.7142812013626099, 0.5873526930809021, 0.9880133867263794, 0.25337734818458557, 0.18092969059944153, 0.2793687880039215, 0.4079192578792572, 0.8054710626602173, 0.6489015817642212, 0.4865298271179199, 0.6583542823791504, 0.4919508397579193, 0.545202910900116, 0.4743487238883972, 0.948158323764801, 0.5983495116233826, 0.2930103540420532, 0.687769889831543] 1.3996310234069824
[0.1417771875858307, 0.3017147481441498, 0.9521236419677734, 0.31132882833480835, 0.43636617064476013, 0.354141503572464, 0.7220005989074707, 0.8490351438522339, 0.8122729659080505, 0.6422260999679565, 0.7607907056808472, 0.15230385959148407, 0.6609089374542236, 0.489277720451355, 0.9519171118736267, 0.7066502571105957, 0.9456315040588379, 0.4895928204059601, 0.07835132628679276, 0.23078157007694244, 0.2444237321615219, 0.018698524683713913, 0.7468904852867126, 0.3004150390625, 0.4529323875904083, 0.85694420337677, 0.9955726265907288, 0.2984345257282257, 0.9263091087341309, 0.9727573394775391, 0.7328452467918396, 0.9457677006721497] 1.415630578994751
[0.7776452302932739, 0.22505983710289001, 0.4896950125694275, 0.2401614487171173, 0.37167495489120483, 0.9817444086074829, 0.3712643086910248, 0.51241135597229, 0.9665785431861877, 0.5530064105987549, 0.043583616614341736, 0.7967920899391174, 0.29455697536468506, 0.4409148395061493, 0.030469665303826332, 0.5952441096305847, 0.9753175377845764, 0.8603139519691467, 0.01624385081231594, 0.46052873134613037, 0.2319730520248413, 0.4705441892147064, 0.5785581469535828, 0.8205392360687256, 0.11354254931211472, 0.018320443108677864, 0.9577819108963013, 0.5588380694389343, 0.8233170509338379, 0.187795028090477, 0.8142990469932556, 0.6921135187149048] 1.4306309223175049
[0.5732849836349487, 0.4606894850730896, 0.5214314460754395, 0.5615353584289551, 0.46351057291030884, 0.5481752753257751, 0.17923323810100555, 0.7648215293884277, 0.2618803381919861, 0.9139405488967896, 0.3657982349395752, 0.003157665953040123, 0.03821488469839096, 0.7597770094871521, 0.2712828516960144, 0.41601473093032837, 0.08653134852647781, 0.005376340355724096, 0.24498893320560455, 0.09467985481023788, 0.5661112666130066, 0.7733561396598816, 0.5674607753753662, 0.6134510040283203, 0.9607791900634766, 0.6025124192237854, 0.2512207627296448, 0.09664960205554962, 0.33976081013679504, 0.7158493399620056, 0.5956973433494568, 0.433205783367157] 1.445631504058838
[0.4468381106853485, 0.5740271210670471, 0.9226089715957642, 0.9896883964538574, 0.9145658612251282, 0.7146337032318115, 0.6279795169830322, 0.17154760658740997, 0.6897595524787903, 0.4157148003578186, 0.2643223702907562, 0.7192280292510986, 0.6415956020355225, 0.17078720033168793, 0.14349406957626343, 0.24443450570106506, 0.7804866433143616, 0.9267648458480835, 0.5282502174377441, 0.5857224464416504, 0.8704785704612732, 0.39881107211112976, 0.025555944070219994, 0.977060079574585, 0.8307993412017822, 0.3677186369895935, 0.8625083565711975, 0.3481326103210449, 0.8693584203720093, 0.6766430735588074, 0.5589495897293091, 0.9124473333358765] 1.4616296291351318
[0.5707241296768188, 0.41162386536598206, 0.7193268537521362, 0.21949172019958496, 0.5016605257987976, 0.022635063156485558, 0.12108846753835678, 0.742444634437561, 0.8736563920974731, 0.9411659836769104, 0.18630018830299377, 0.049018777906894684, 0.16246531903743744, 0.7682274580001831, 0.3680872917175293, 0.563798725605011, 0.9864293336868286, 0.4314151108264923, 0.5580265522003174, 0.2972870469093323, 0.45683223009109497, 0.5055097937583923, 0.984752357006073, 0.9426339268684387, 0.16985882818698883, 0.29795360565185547, 0.15231767296791077, 0.17722873389720917, 0.9638901948928833, 0.09106909483671188, 0.011785527691245079, 0.1268981695175171] 1.4766299724578857
[0.4840148091316223, 0.36581021547317505, 0.70637047290802, 0.948828935623169, 0.018328413367271423, 0.7814860939979553, 0.13296730816364288, 0.21904818713665009, 0.5541146993637085, 0.5947446823120117, 0.553870439529419, 0.05359020456671715, 0.21720567345619202, 0.49559491872787476, 0.32426074147224426, 0.5369035601615906, 0.6975501179695129, 0.10520768165588379, 0.8782432079315186, 0.9101819396018982, 0.675496518611908, 0.3056257963180542, 0.1684255450963974, 0.2464473992586136, 0.20684489607810974, 0.498729407787323, 0.9256806969642639, 0.9924280643463135, 0.29468321800231934, 0.7256689667701721, 0.381631076335907, 0.6287103891372681] 1.491631031036377
[0.39922094345092773, 0.9168906807899475, 0.44529446959495544, 0.9299589991569519, 0.881650447845459, 0.9734121561050415, 0.5546596050262451, 0.2448023408651352, 0.7644181251525879, 0.47300124168395996, 0.4680672287940979, 0.507620096206665, 0.009219248779118061, 0.09416820108890533, 0.9853440523147583, 0.963283121585846, 0.2541746497154236, 0.7341489195823669, 0.8242220282554626, 0.8710272312164307, 0.2281043529510498, 0.204361230134964, 0.29617688059806824, 0.4898364543914795, 0.09291980415582657, 0.593628466129303, 0.866269052028656, 0.5260754823684692, 0.5998039245605469, 0.3162839710712433, 0.7966863512992859, 0.03912295028567314] 1.5076308250427246
[0.05329335108399391, 0.8732557892799377, 0.17455163598060608, 0.7992448806762695, 0.6559374332427979, 0.5742703676223755, 0.4074109196662903, 0.34038046002388, 0.5962724089622498, 0.6327661275863647, 0.8127075433731079, 0.5862701535224915, 0.5432852506637573, 0.9190837740898132, 0.21496251225471497, 0.41728881001472473, 0.3229512870311737, 0.19306686520576477, 0.5982182025909424, 0.7968802452087402, 0.8629488945007324, 0.17672830820083618, 0.4748527407646179, 0.6414309144020081, 0.6240598559379578, 0.6355217099189758, 0.7780811786651611, 0.359834223985672, 0.9911022782325745, 0.026400800794363022, 0.3821324110031128, 0.8960314989089966] 1.5226500034332275
[0.15439854562282562, 0.5405658483505249, 0.3293185830116272, 0.6331216096878052, 0.5103513598442078, 0.6739286184310913, 0.5878328084945679, 0.10336999595165253, 0.18428492546081543, 0.9910648465156555, 0.0984262153506279, 0.7467668652534485, 0.14908002316951752, 0.44857585430145264, 0.49342459440231323, 0.7444964647293091, 0.8342582583427429, 0.38868919014930725, 0.22414538264274597, 0.15679669380187988, 0.26684141159057617, 0.3709413707256317, 0.011518348939716816, 0.2458944320678711, 0.07007589936256409, 0.9514259099960327, 0.6476031541824341, 0.1888737976551056, 0.5443147420883179, 0.2848438322544098, 0.46359649300575256, 0.8218287229537964] 1.5381579399108887
[0.9084787964820862, 0.5040556788444519, 0.46091577410697937, 0.5185883045196533, 0.769294023513794, 0.3000221848487854, 0.7653374075889587, 0.7898200154304504, 0.17844656109809875, 0.36002615094184875, 0.12701956927776337, 0.17247101664543152, 0.8906418085098267, 0.13554534316062927, 0.7635543942451477, 0.21211835741996765, 0.7741216421127319, 0.8773614168167114, 0.6468069553375244, 0.9795656204223633, 0.9865172505378723, 0.4519719183444977, 0.9575954675674438, 0.22139550745487213, 0.5725188255310059, 0.1519397795200348, 0.31396323442459106, 0.2718692719936371, 0.6552743315696716, 0.6905328035354614, 0.8161699771881104, 0.5808948278427124] 1.5541579723358154
[0.5028704404830933, 0.355077862739563, 0.7256961464881897, 0.48631197214126587, 0.19915877282619476, 0.26143211126327515, 0.27135780453681946, 0.33653950691223145, 0.37053024768829346, 0.45898669958114624, 0.794823408126831, 0.7585799694061279, 0.09430014342069626, 0.8634412288665771, 0.12002237886190414, 0.5555692911148071, 0.41327810287475586, 0.753025233745575, 0.7150079011917114, 0.28987351059913635, 0.7110911011695862, 0.7538034319877625, 0.041593555361032486, 0.5304819941520691, 0.15563072264194489, 0.547660768032074, 0.7310625314712524, 0.2738572359085083, 0.8278914093971252, 0.5749778747558594, 0.11976514011621475, 0.9740633964538574] 1.569159746170044
[0.08431704342365265, 0.06433095037937164, 0.7220951318740845, 0.05300752446055412, 0.6997899413108826, 0.7275089025497437, 0.11916638910770416, 0.2543223202228546, 0.9705825448036194, 0.2722351849079132, 0.2015126496553421, 0.8177386522293091, 0.3591720759868622, 0.478610098361969, 0.49470579624176025, 0.9696063995361328, 0.6021291613578796, 0.49951404333114624, 0.7759981751441956, 0.6907482743263245, 0.3030525743961334, 0.3927547037601471, 0.8078062534332275, 0.7870517373085022, 0.93925940990448, 0.18229016661643982, 0.12857551872730255, 0.2085890769958496, 0.4800596833229065, 0.8114141225814819, 0.2618238627910614, 0.6620234847068787] 1.5841894149780273
[0.31817367672920227, 0.31588318943977356, 0.30660131573677063, 0.0044190422631800175, 0.5095110535621643, 0.609157919883728, 0.7725897431373596, 0.6251797676086426, 0.6368378400802612, 0.46932512521743774, 0.9348158240318298, 0.0005167323397472501, 0.22378642857074738, 0.07521670311689377, 0.3386659622192383, 0.8160580396652222, 0.2847253084182739, 0.7491222023963928, 0.5946435332298279, 0.6310449838638306, 0.39577120542526245, 0.746124267578125, 0.5102578401565552, 0.21431468427181244, 0.4000445306301117, 0.12578049302101135, 0.20629669725894928, 0.13686372339725494, 0.5595699548721313, 0.9344747066497803, 0.5538966059684753, 0.8079096674919128] 1.5991945266723633
[0.8802326917648315, 0.35659629106521606, 0.35897740721702576, 0.11771537363529205, 0.731508195400238, 0.6013129353523254, 0.6426507234573364, 0.46554815769195557, 0.14165468513965607, 0.5721907019615173, 0.32508206367492676, 0.33436140418052673, 0.1653687059879303, 0.9409809112548828, 0.9241127967834473, 0.6855294704437256, 0.6488521099090576, 0.2727252244949341, 0.6046015024185181, 0.5125983357429504, 0.2561357319355011, 0.7128084301948547, 0.17862491309642792, 0.12976251542568207, 0.6782201528549194, 0.439311146736145, 0.9582096934318542, 0.7290200591087341, 0.2642296850681305, 0.26973971724510193, 0.5282066464424133, 0.22391125559806824] 1.6151878833770752
[0.8231675028800964, 0.9458258748054504, 0.6320526003837585, 0.6654452085494995, 0.3064993917942047, 0.1864461749792099, 0.8501598834991455, 0.4894319474697113, 0.5066291689872742, 0.9883213639259338, 0.6622344255447388, 0.36524972319602966, 0.21033379435539246, 0.34142374992370605, 0.8668813705444336, 0.6637824177742004, 0.3010708689689636, 0.5492511987686157, 0.022358214482665062, 0.06667537242174149, 0.511264979839325, 0.25775301456451416, 0.20127704739570618, 0.8269256949424744, 0.33718177676200867, 0.4246729016304016, 0.2656719386577606, 0.43524911999702454, 0.6401852369308472, 0.18455685675144196, 0.27774524688720703, 0.7766565084457397] 1.63018798828125
[0.764266848564148, 0.44296663999557495, 0.41989678144454956, 0.5162574648857117, 0.7991867661476135, 0.17899243533611298, 0.7247729301452637, 0.2268972247838974, 0.20760145783424377, 0.37140128016471863, 0.8667021989822388, 0.9767096042633057, 0.06820106506347656, 0.38410648703575134, 0.35296356678009033, 0.5803748369216919, 0.5216522216796875, 0.8614702820777893, 0.5349423885345459, 0.660451352596283, 0.7947869300842285, 0.44977453351020813, 0.9977738857269287, 0.3869316875934601, 0.9056525230407715, 0.014311213977634907, 0.4040127694606781, 0.09483121335506439, 0.2542470395565033, 0.22849492728710175, 0.8762652277946472, 0.5473839640617371] 1.645195484161377
[0.5371078848838806, 0.1044662669301033, 0.9759318828582764, 0.6726313233375549, 0.7812801599502563, 0.4902142584323883, 0.6829550862312317, 0.14941956102848053, 0.13376767933368683, 0.9486907124519348, 0.026627395302057266, 0.4008558392524719, 0.2703937888145447, 0.12691675126552582, 0.7273098230361938, 0.6368612051010132, 0.3658883273601532, 0.5595082640647888, 0.1077864021062851, 0.9385080933570862, 0.2035585343837738, 0.04312196373939514, 0.2872980237007141, 0.7424407601356506, 0.2278536558151245, 0.5195386409759521, 0.3594350516796112, 0.46080440282821655, 0.11514052748680115, 0.4799099266529083, 0.7482971549034119, 0.27833396196365356] 1.6611886024475098
[0.4505927264690399, 0.060526810586452484, 0.9397997260093689, 0.16876567900180817, 0.776985764503479, 0.6277379989624023, 0.8991894125938416, 0.5444120764732361, 0.3476707935333252, 0.7743309140205383, 0.4495818018913269, 0.037095241248607635, 0.5662500858306885, 0.8349661231040955, 0.24128030240535736, 0.5627710819244385, 0.4746120572090149, 0.6035241484642029, 0.9112898111343384, 0.8439863920211792, 0.6543832421302795, 0.3057165741920471, 0.26253023743629456, 0.8304386734962463, 0.7157096862792969, 0.09012816846370697, 0.995309591293335, 0.27822959423065186, 0.26826992630958557, 0.5243861675262451, 0.22502823173999786, 0.7685373425483704] 1.6762094497680664
[0.6159510612487793, 0.9435660243034363, 0.9182072281837463, 0.7900136709213257, 0.6524841785430908, 0.5553460717201233, 0.6323294043540955, 0.3198719620704651, 0.23983094096183777, 0.7360404133796692, 0.2282654494047165, 0.9192735552787781, 0.6811920404434204, 0.416205495595932, 0.9085902571678162, 0.16280321776866913, 0.28973326086997986, 0.7649552226066589, 0.36253777146339417, 0.7981913089752197, 0.943795382976532, 0.9884877800941467, 0.30932509899139404, 0.8192082047462463, 0.16595523059368134, 0.9507781863212585, 0.8670625686645508, 0.34643712639808655, 0.5597821474075317, 0.9572936296463013, 0.9807969331741333, 0.31457388401031494] 1.692187786102295
[0.24732522666454315, 0.12778371572494507, 0.40901222825050354, 0.3040199279785156, 0.27917733788490295, 0.27141186594963074, 0.774412214756012, 0.5425365567207336, 0.6582835912704468, 0.07239915430545807, 0.6689866781234741, 0.7458330392837524, 0.9563644528388977, 0.9769696593284607, 0.019965019077062607, 0.6864638924598694, 0.6362383365631104, 0.9216484427452087, 0.8641074895858765, 0.3322709798812866, 0.26254358887672424, 0.32401472330093384, 0.6265900135040283, 0.11523891985416412, 0.37099507451057434, 0.25363507866859436, 0.9372965097427368, 0.4371618330478668, 0.3588588833808899, 0.6992053985595703, 0.3584609031677246, 0.6918717622756958] 1.7071948051452637
[0.657457172870636, 0.7772790193557739, 0.2529129087924957, 0.07527905702590942, 0.4036971926689148, 0.1230337843298912, 0.96385657787323, 0.5309945940971375, 0.09475630521774292, 0.6137950420379639, 0.43810248374938965, 0.031120318919420242, 0.2455330193042755, 0.6200600266456604, 0.4006309509277344, 0.940178632736206, 0.48389148712158203, 0.7029435634613037, 0.5925537943840027, 0.10904794186353683, 0.2922694981098175, 0.6317048668861389, 0.7979303002357483, 0.918240487575531, 0.6291871666908264, 0.25546029210090637, 0.9928144216537476, 0.4983845353126526, 0.49785804748535156, 0.9799057245254517, 0.19861289858818054, 0.2772109806537628] 1.723193883895874
[0.5270230174064636, 0.9417594075202942, 0.05633861944079399, 0.06151223182678223, 0.5582327842712402, 0.011787966825067997, 0.23241440951824188, 0.4861104190349579, 0.34741759300231934, 0.966524064540863, 0.07159748673439026, 0.815323531627655, 0.9565578699111938, 0.8061962127685547, 0.6905235052108765, 0.05392616242170334, 0.11838094890117645, 0.5883764624595642, 0.9017381072044373, 0.5169700980186462, 0.6199673414230347, 0.16583263874053955, 0.9093875288963318, 0.7312044501304626, 0.23809108138084412, 0.7836529016494751, 0.6749584078788757, 0.40555649995803833, 0.13488730788230896, 0.8165295124053955, 0.5910549163818359, 0.7323161363601685] 1.7381980419158936
[0.1127554327249527, 0.42900747060775757, 0.7853183150291443, 0.3780972361564636, 0.8164612054824829, 0.022119175642728806, 0.9570382237434387, 0.46624037623405457, 0.6955468058586121, 0.8201429843902588, 0.6181163191795349, 0.3733138144016266, 0.761553943157196, 0.7856675386428833, 0.5298359990119934, 0.9979586005210876, 0.7527799606323242, 0.9477296471595764, 0.6761588454246521, 0.33200138807296753, 0.7051507234573364, 0.47627028822898865, 0.4680328965187073, 0.27428120374679565, 0.0033835782669484615, 0.8373398184776306, 0.41624370217323303, 0.7963447570800781, 0.25128310918807983, 0.8797875046730042, 0.9865938425064087, 0.4195806682109833] 1.7541961669921875
[0.27176952362060547, 0.3580864667892456, 0.07856763154268265, 0.8804703950881958, 0.17451639473438263, 0.7633060216903687, 0.7114065885543823, 0.6198003888130188, 0.7080115079879761, 0.8635517954826355, 0.9434008002281189, 0.6350924372673035, 0.25403645634651184, 0.3712162673473358, 0.5695576667785645, 0.6435450911521912, 0.6614988446235657, 0.8803303837776184, 0.7786552906036377, 0.5571763515472412, 0.8389241695404053, 0.6255860924720764, 0.8367792367935181, 0.10940583050251007, 0.37655338644981384, 0.5507693290710449, 0.1704019457101822, 0.10554266721010208, 0.745518684387207, 0.5996650457382202, 0.19914644956588745, 0.46042177081108093] 1.7701880931854248
[0.23010459542274475, 0.953195333480835, 0.30650296807289124, 0.1437719315290451, 0.0670190379023552, 0.9029712080955505, 0.7049111127853394, 0.3586326241493225, 0.608620285987854, 0.0933302640914917, 0.2251945286989212, 0.6904520988464355, 0.21483545005321503, 0.3964439630508423, 0.21417267620563507, 0.9338813424110413, 0.36607083678245544, 0.9453282356262207, 0.39612486958503723, 0.23787656426429749, 0.46983563899993896, 0.8631752729415894, 0.17724573612213135, 0.6867979764938354, 0.8987739682197571, 0.4574235677719116, 0.41619279980659485, 0.3757244646549225, 0.4045095443725586, 0.2446521818637848, 0.9093590378761292, 0.6861469745635986] 1.7851879596710205
[0.2523673176765442, 0.038238994777202606, 0.22256533801555634, 0.21405425667762756, 0.6310557126998901, 0.11597691476345062, 0.6878064274787903, 0.09354212880134583, 0.6275755167007446, 0.6384551525115967, 0.8827322125434875, 0.19867804646492004, 0.7569004893302917, 0.957741379737854, 0.24573329091072083, 0.3113667964935303, 0.648152232170105, 0.6139602661132812, 0.8059607148170471, 0.5476097464561462, 0.8298247456550598, 0.18285082280635834, 0.6626322269439697, 0.09177437424659729, 0.9406075477600098, 0.8901728391647339, 0.9171431660652161, 0.9872691035270691, 0.5742750763893127, 0.6506602168083191, 0.7121965289115906, 0.0017262855544686317] 1.8001964092254639
[0.4836658537387848, 0.5429005026817322, 0.44846826791763306, 0.2872796058654785, 0.9498916268348694, 0.19059772789478302, 0.14391249418258667, 0.9307820796966553, 0.46559733152389526, 0.14348584413528442, 0.1724989414215088, 0.3236292898654938, 0.7139095664024353, 0.3067466616630554, 0.5058061480522156, 0.3496949374675751, 0.22246921062469482, 0.8858158588409424, 0.8779950141906738, 0.14673399925231934, 0.753028154373169, 0.23944209516048431, 0.6910834908485413, 0.9786022901535034, 0.09056569635868073, 0.7685699462890625, 0.3940008282661438, 0.22735115885734558, 0.08789044618606567, 0.2034778743982315, 0.5439218282699585, 0.7865087389945984] 1.8153455257415771
[0.046841010451316833, 0.41077035665512085, 0.681878924369812, 0.5896804332733154, 0.9173789024353027, 0.32337188720703125, 0.6735718846321106, 0.9480940699577332, 0.5805656909942627, 0.002790949773043394, 0.38303717970848083, 0.9749716520309448, 0.47773051261901855, 0.33960241079330444, 0.01920788735151291, 0.7827760577201843, 0.18953335285186768, 0.9721357226371765, 0.7974096536636353, 0.6897948384284973, 0.434037446975708, 0.6370257139205933, 0.6763566732406616, 0.2708114683628082, 0.44049179553985596, 0.06285640597343445, 0.915547788143158, 0.5703386068344116, 0.0012429963098838925, 0.25638848543167114, 0.35513246059417725, 0.657577633857727] 1.8313689231872559
[0.924371600151062, 0.6800975799560547, 0.9749578237533569, 0.7788217067718506, 0.3841710388660431, 0.543463945388794, 0.30443549156188965, 0.3149290680885315, 0.6640707850456238, 0.6212877631187439, 0.6956071853637695, 0.5222084522247314, 0.3940599858760834, 0.010295779444277287, 0.3777029812335968, 0.6582258939743042, 0.46432554721832275, 0.7600136399269104, 0.10760953277349472, 0.7188847064971924, 0.7261662483215332, 0.9511345624923706, 0.4047572910785675, 0.3939114511013031, 0.5132376551628113, 0.8986132740974426, 0.06029254198074341, 0.5572469234466553, 0.864767849445343, 0.680840790271759, 0.1804545670747757, 0.3853689730167389] 1.8473448753356934
[0.8283941745758057, 0.8610221147537231, 0.2223823368549347, 0.2030920535326004, 0.15175984799861908, 0.42075833678245544, 0.8712624311447144, 0.22255726158618927, 0.34783440828323364, 0.5669839382171631, 0.05733295530080795, 0.0770208090543747, 0.031573522835969925, 0.9788398146629333, 0.704253077507019, 0.5721891522407532, 0.6740424036979675, 0.9830667972564697, 0.8649680614471436, 0.6392391324043274, 0.1206781342625618, 0.30063074827194214, 0.9810670018196106, 0.35297709703445435, 0.1653226912021637, 0.7054677605628967, 0.36839720606803894, 0.6258049607276917, 0.5868556499481201, 0.5286137461662292, 0.1378553956747055, 0.5753150582313538] 1.8623478412628174
[0.2650409936904907, 0.1119028851389885, 0.6577654480934143, 0.2800011932849884, 0.8488489985466003, 0.7266092300415039, 0.48334240913391113, 0.5955639481544495, 0.022562870755791664, 0.11568060517311096, 0.7409406304359436, 0.33795392513275146, 0.12283263355493546, 0.9070910215377808, 0.43848899006843567, 0.6141129732131958, 0.6259501576423645, 0.6206360459327698, 0.24029162526130676, 0.47471392154693604, 0.2754703760147095, 0.8874626159667969, 0.5832832455635071, 0.03828873112797737, 0.1190846860408783, 0.18537268042564392, 0.6245483160018921, 0.30055898427963257, 0.37888893485069275, 0.10841992497444153, 0.65442955493927, 0.7352570295333862] 1.8783388137817383
[0.1786738783121109, 0.3181261122226715, 0.2195947766304016, 0.8386254906654358, 0.3073429465293884, 0.2603108286857605, 0.32476359605789185, 0.7557385563850403, 0.018810313194990158, 0.6895677447319031, 0.30364730954170227, 0.022177021950483322, 0.4048958718776703, 0.39683079719543457, 0.12678147852420807, 0.22275188565254211, 0.37421271204948425, 0.46661871671676636, 0.8066051006317139, 0.42559829354286194, 0.5894355177879333, 0.5394719839096069, 0.14672128856182098, 0.6663358211517334, 0.762678325176239, 0.07260804623365402, 0.06516902893781662, 0.4159543812274933, 0.8663920760154724, 0.39147505164146423, 0.5565535426139832, 0.902560293674469] 1.894343614578247
[0.7749402523040771, 0.46175527572631836, 0.33648207783699036, 0.6899757385253906, 0.6457429528236389, 0.27992403507232666, 0.10891450196504593, 0.135194793343544, 0.5731445550918579, 0.7502350211143494, 0.758536159992218, 0.46782344579696655, 0.830707311630249, 0.2364809513092041, 0.3358513414859772, 0.6093873381614685, 0.2765923738479614, 0.4733440577983856, 0.7283160090446472, 0.6050389409065247, 0.3798096179962158, 0.9219830632209778, 0.716623842716217, 0.04501503333449364, 0.7659549713134766, 0.3840644955635071, 0.5323224663734436, 0.05182891711592674, 0.3715968728065491, 0.6349650621414185, 0.17353634536266327, 0.23753753304481506] 1.909343957901001
[0.2518402338027954, 0.0952441617846489, 0.07313717156648636, 0.43533068895339966, 0.4627586901187897, 0.17629040777683258, 0.26962870359420776, 0.5888022780418396, 0.7029621601104736, 0.8253991603851318, 0.5788031816482544, 0.8628787994384766, 0.8774396181106567, 0.7117946743965149, 0.2406238615512848, 0.03784753754734993, 0.8854178786277771, 0.7681212425231934, 0.2273160070180893, 0.29725703597068787, 0.1922958940267563, 0.8873603940010071, 0.8927991390228271, 0.595083475112915, 0.16835656762123108, 0.3009977340698242, 0.8498440384864807, 0.2886393964290619, 0.5609265565872192, 0.9103696942329407, 0.5459622740745544, 0.9245213866233826] 1.9243454933166504
[0.37933796644210815, 0.9998735785484314, 0.6824613809585571, 0.6752340793609619, 0.0311469417065382, 0.45364028215408325, 0.08328080922365189, 0.9813899993896484, 0.09634143859148026, 0.44316262006759644, 0.6509442925453186, 0.43398311734199524, 0.4560953974723816, 0.43860873579978943, 0.8935641050338745, 0.14044831693172455, 0.9353916645050049, 0.04696062579751015, 0.9559304714202881, 0.4880828857421875, 0.8071631789207458, 0.7288499474525452, 0.3858983814716339, 0.4219677150249481, 0.5159309506416321, 0.086197130382061, 0.15592721104621887, 0.1890028566122055, 0.2235671877861023, 0.4254428744316101, 0.9580593109130859, 0.2529056966304779] 1.9403393268585205
[0.9768921732902527, 0.593149721622467, 0.7998903393745422, 0.2641129493713379, 0.46561330556869507, 0.7965512871742249, 0.8628374338150024, 0.9591684341430664, 0.012537895701825619, 0.5468500256538391, 0.675314724445343, 0.2714216411113739, 0.3118349313735962, 0.2716677188873291, 0.6352614164352417, 0.3403620421886444, 0.4143819510936737, 0.96845543384552, 0.9237648844718933, 0.046626150608062744, 0.1209273412823677, 0.47846686840057373, 0.9778689742088318, 0.3976220190525055, 0.5773482322692871, 0.40316587686538696, 0.11500468105077744, 0.887723982334137, 0.33630526065826416, 0.9059030413627625, 0.835529088973999, 0.02617550641298294] 1.9553444385528564
[0.8430806398391724, 0.2529861629009247, 0.9766197204589844, 0.6796560287475586, 0.7438570261001587, 0.1826288253068924, 0.3607967495918274, 0.22197462618350983, 0.8456190824508667, 0.8900672197341919, 0.024177588522434235, 0.769374668598175, 0.6375938653945923, 0.9813982248306274, 0.21421518921852112, 0.7941033840179443, 0.20556887984275818, 0.7752659320831299, 0.9678260087966919, 0.4316498637199402, 0.4920755624771118, 0.09098794311285019, 0.3903680741786957, 0.6099487543106079, 0.8680106997489929, 0.3025730550289154, 0.24648967385292053, 0.5256161689758301, 0.0022468059323728085, 0.45659923553466797, 0.9278486371040344, 0.43387314677238464] 1.9713447093963623
[0.8768774271011353, 0.6991473436355591, 0.1456260085105896, 0.8583372235298157, 0.4238338768482208, 0.7819335460662842, 0.073811836540699, 0.6107374429702759, 0.2006653994321823, 0.575490415096283, 0.0812346339225769, 0.7101407051086426, 0.8666383624076843, 0.33419308066368103, 0.515673816204071, 0.19156695902347565, 0.3974539041519165, 0.8977792859077454, 0.39905044436454773, 0.7174535989761353, 0.9191824793815613, 0.604739785194397, 0.10214013606309891, 0.5578444004058838, 0.614719808101654, 0.973391056060791, 0.20033881068229675, 0.914292573928833, 0.6802363991737366, 0.3829004168510437, 0.9791926145553589, 0.12309463322162628] 1.9873392581939697
[0.09030086547136307, 0.06263451278209686, 0.3070254325866699, 0.5982781648635864, 0.13429684937000275, 0.1190558597445488, 0.16606372594833374, 0.08315076678991318, 0.5611887574195862, 0.8864541053771973, 0.2467864602804184, 0.6342369914054871, 0.21932917833328247, 0.5829933881759644, 0.5659787654876709, 0.5296605229377747, 0.07196739315986633, 0.4768197536468506, 0.1410498470067978, 0.34570983052253723, 0.8774144649505615, 0.361141175031662, 0.23706629872322083, 0.8038507103919983, 0.6530751585960388, 0.6369643807411194, 0.04218591749668121, 0.7578956484794617, 0.623801052570343, 0.07281800359487534, 0.22325807809829712, 0.19001851975917816] 2.0023460388183594
[0.5069361329078674, 0.28703951835632324, 0.46599575877189636, 0.7061915993690491, 0.8106587529182434, 0.5416198372840881, 0.6589509844779968, 0.7878812551498413, 0.13431663811206818, 0.6570329070091248, 0.6723620295524597, 0.09865151345729828, 0.1133052259683609, 0.09744799882173538, 0.7883226275444031, 0.8836897015571594, 0.010089200921356678, 0.7610664367675781, 0.081858791410923, 0.8245445489883423, 0.4617508053779602, 0.3264709711074829, 0.15935848653316498, 0.4437066316604614, 0.7049665451049805, 0.45028069615364075, 0.2644691467285156, 0.9934952259063721, 0.5022146701812744, 0.46203315258026123, 0.0359957329928875, 0.8136985301971436] 2.018345355987549
[0.9002204537391663, 0.6138948202133179, 0.4676889181137085, 0.3246845006942749, 0.6880801916122437, 0.2848447561264038, 0.13610036671161652, 0.66633141040802, 0.8821123838424683, 0.14821471273899078, 0.17759813368320465, 0.40863895416259766, 0.35269856452941895, 0.42254307866096497, 0.5643489360809326, 0.6154142022132874, 0.4736153483390808, 0.7479314804077148, 0.3756972551345825, 0.516653299331665, 0.6745943427085876, 0.20438504219055176, 0.8422362208366394, 0.5058242678642273, 0.5193144083023071, 0.668815553188324, 0.1600005179643631, 0.5696736574172974, 0.8604491949081421, 0.2062050998210907, 0.45836272835731506, 0.815044105052948] 2.03434681892395
[0.470709890127182, 0.6416340470314026, 0.7757797241210938, 0.3112271726131439, 0.3250635862350464, 0.7989916801452637, 0.5022916793823242, 0.938117504119873, 0.4192485511302948, 0.09952541440725327, 0.7629626989364624, 0.6068859100341797, 0.10461847484111786, 0.5346506237983704, 0.28107842803001404, 0.7978079915046692, 0.2941388487815857, 0.7981674671173096, 0.2721867263317108, 0.8088488578796387, 0.8638962507247925, 0.8108951449394226, 0.754779577255249, 0.6518993377685547, 0.25497013330459595, 0.1038799062371254, 0.937160313129425, 0.8333138823509216, 0.8413053154945374, 0.7216100096702576, 0.4107385277748108, 0.4990192949771881] 2.0503458976745605
[0.26824337244033813, 0.5537199974060059, 0.30910027027130127, 0.39626428484916687, 0.20471827685832977, 0.7603074908256531, 0.7694249153137207, 0.05139205977320671, 0.9520872235298157, 0.06318552047014236, 0.1580577939748764, 0.7941065430641174, 0.5643753409385681, 0.43751218914985657, 0.9232164025306702, 0.44794484972953796, 0.2657043933868408, 0.6672545671463013, 0.808677613735199, 0.1803773045539856, 0.8853451013565063, 0.8047974109649658, 0.5358322262763977, 0.8407925963401794, 0.7511838674545288, 0.5615421533584595, 0.22765415906906128, 0.1269957423210144, 0.692200779914856, 0.8310761451721191, 0.8610369563102722, 0.8371169567108154] 2.066345453262329
[0.8817611932754517, 0.35688671469688416, 0.2148359715938568, 0.06346499919891357, 0.8822752237319946, 0.41768765449523926, 0.9375413060188293, 0.8134847283363342, 0.2213834673166275, 0.6970866322517395, 0.469114750623703, 0.9219040870666504, 0.2495599091053009, 0.7922619581222534, 0.6853364109992981, 0.9705484509468079, 0.013632080517709255, 0.4060917794704437, 0.5236169099807739, 0.008487381972372532, 0.5679451823234558, 0.9712978601455688, 0.14636996388435364, 0.7760875225067139, 0.9658409357070923, 0.1787828654050827, 0.7883339524269104, 0.21933840215206146, 0.9155667424201965, 0.523271381855011, 0.8837043046951294, 0.651682436466217] 2.081345558166504
[0.8623631000518799, 0.591063916683197, 0.24366867542266846, 0.8288477659225464, 0.0869096890091896, 0.112508125603199, 0.8974429368972778, 0.13624557852745056, 0.5669246912002563, 0.1262417882680893, 0.28713592886924744, 0.17659592628479004, 0.3588033616542816, 0.709419846534729, 0.9652994275093079, 0.442992240190506, 0.9645023345947266, 0.5292876362800598, 0.38371679186820984, 0.4611189365386963, 0.19767850637435913, 0.757595956325531, 0.921670138835907, 0.5068739056587219, 0.6473586559295654, 0.36858364939689636, 0.32238346338272095, 0.13192617893218994, 0.5100112557411194, 0.4312081038951874, 0.7790557146072388, 0.2815069854259491] 2.097344398498535
[0.3041820526123047, 0.5882462859153748, 0.48784139752388, 0.09365056455135345, 0.8472859859466553, 0.9411933422088623, 0.961706280708313, 0.9486092925071716, 0.21673540771007538, 0.12897169589996338, 0.20550033450126648, 0.8741016983985901, 0.09387944638729095, 0.634416937828064, 0.7167587876319885, 0.10231871902942657, 0.5140636563301086, 0.018870076164603233, 0.6066784858703613, 0.5313805341720581, 0.006134970113635063, 0.6650338768959045, 0.7385556697845459, 0.5631933212280273, 0.625298261642456, 0.585928201675415, 0.9006644487380981, 0.6842277646064758, 0.8647574186325073, 0.7523452043533325, 0.9071633219718933, 0.6384671926498413] 2.1123452186584473
[0.18027298152446747, 0.1470056176185608, 0.6094115376472473, 0.5448616743087769, 0.38409423828125, 0.7714840173721313, 0.5219210982322693, 0.5712708830833435, 0.9107094407081604, 0.06626056134700775, 0.8722680807113647, 0.8395427465438843, 0.30138638615608215, 0.13335847854614258, 0.8677364587783813, 0.729135274887085, 0.5488682985305786, 0.7770645618438721, 0.21983018517494202, 0.9478961825370789, 0.32509633898735046, 0.8287020921707153, 0.8670430183410645, 0.7561849355697632, 0.1827041506767273, 0.9872004985809326, 0.29528629779815674, 0.49538612365722656, 0.928503692150116, 0.8436266779899597, 0.19156025350093842, 0.6155579686164856] 2.128338098526001
[0.5478674173355103, 0.6860271096229553, 0.2467724084854126, 0.11852120608091354, 0.65235835313797, 0.9826720356941223, 0.5219582915306091, 0.07596161961555481, 0.5184004902839661, 0.6565056443214417, 0.28953441977500916, 0.9307152628898621, 0.2513663172721863, 0.992626428604126, 0.08918428421020508, 0.5866455435752869, 0.46053242683410645, 0.7890451550483704, 0.44371485710144043, 0.5136600136756897, 0.9435491561889648, 0.3728294372558594, 0.9634966254234314, 0.8072718977928162, 0.9453094601631165, 0.20818260312080383, 0.09572749584913254, 0.6955077648162842, 0.040370695292949677, 0.43892091512680054, 0.7032075524330139, 0.4744991064071655] 2.14434552192688
[0.06079161539673805, 0.33138030767440796, 0.7058263421058655, 0.7067202925682068, 0.15980742871761322, 0.31609046459198, 0.549116313457489, 0.285331666469574, 0.8190732598304749, 0.3496704399585724, 0.5771608948707581, 0.9591630101203918, 0.1395190805196762, 0.3844589293003082, 0.6650803089141846, 0.33626022934913635, 0.934440016746521, 0.8621748089790344, 0.7829380035400391, 0.4493653178215027, 0.9506469964981079, 0.923613429069519, 0.8581362366676331, 0.5368609428405762, 0.4812813699245453, 0.602644145488739, 0.13193053007125854, 0.4034447968006134, 0.9350643754005432, 0.4267370402812958, 0.6846069693565369, 0.543805718421936] 2.1603143215179443
[0.7408013343811035, 0.555727481842041, 0.8643854856491089, 0.5995914340019226, 0.7605520486831665, 0.9340256452560425, 0.40833112597465515, 0.6730415225028992, 0.18562345206737518, 0.9617087244987488, 0.7268416881561279, 0.5558154582977295, 0.8104036450386047, 0.4917093515396118, 0.6836504936218262, 0.25679343938827515, 0.9380236268043518, 0.15409132838249207, 0.780851423740387, 0.21644900739192963, 0.9269134998321533, 0.45283666253089905, 0.09830514341592789, 0.11753031611442566, 0.6550388932228088, 0.7050794959068298, 0.16796912252902985, 0.7386617064476013, 0.7008855938911438, 0.03405715525150299, 0.6214714646339417, 0.8262487053871155] 2.1763131618499756
[0.025525078177452087, 0.024047227576375008, 0.5822820067405701, 0.8968815803527832, 0.9704342484474182, 0.8797203302383423, 0.683621883392334, 0.9499791860580444, 0.9477968811988831, 0.3415158689022064, 0.5294012427330017, 0.5545327663421631, 0.5519529581069946, 0.8047735095024109, 0.2697407305240631, 0.023563481867313385, 0.12610237300395966, 0.5717652440071106, 0.4085831642150879, 0.9622769951820374, 0.07507460564374924, 0.39847248792648315, 0.44260337948799133, 0.741057813167572, 0.36276450753211975, 0.5178809762001038, 0.9531850218772888, 0.05176391452550888, 0.018598295748233795, 0.25127455592155457, 0.9281296133995056, 0.8392268419265747] 2.1923117637634277
[0.26971346139907837, 0.17241962254047394, 0.019135115668177605, 0.8383293747901917, 0.6943563222885132, 0.4349006116390228, 0.6936370730400085, 0.8112584352493286, 0.8323434591293335, 0.8274376392364502, 0.6879379749298096, 0.5351454615592957, 0.045270487666130066, 0.41916847229003906, 0.10027939081192017, 0.9725685119628906, 0.763296902179718, 0.8305230736732483, 0.5765003561973572, 0.18470962345600128, 0.7277169227600098, 0.6197985410690308, 0.10510071367025375, 0.6149683594703674, 0.9946672320365906, 0.8674666285514832, 0.5663899779319763, 0.06207914277911186, 0.5395817160606384, 0.3375113308429718, 0.4316064417362213, 0.7193859219551086] 2.208310127258301
[0.8936213254928589, 0.30892375111579895, 0.8830185532569885, 0.804319441318512, 0.0454096682369709, 0.8612701892852783, 0.8745157122612, 0.7920002341270447, 0.871467649936676, 0.03663426265120506, 0.7089799046516418, 0.6472318172454834, 0.6632802486419678, 0.3571784198284149, 0.40440860390663147, 0.8111943602561951, 0.7726610898971558, 0.925454318523407, 0.4293239712715149, 0.8025277256965637, 0.14704106748104095, 0.9228518605232239, 0.769469141960144, 0.9877568483352661, 0.9033963084220886, 0.052555546164512634, 0.6451848149299622, 0.6372641921043396, 0.662013828754425, 0.8010839223861694, 0.37930214405059814, 0.7623528838157654] 2.223310708999634
[0.4699128568172455, 0.4382919371128082, 0.6236575245857239, 0.5260224342346191, 0.6132937669754028, 0.8872336149215698, 0.11505071073770523, 0.9886788725852966, 0.8687050342559814, 0.8081896305084229, 0.7561658024787903, 0.03321514278650284, 0.17021319270133972, 0.25714561343193054, 0.364749014377594, 0.1471244990825653, 0.23053672909736633, 0.3432636559009552, 0.7229201793670654, 0.6545753479003906, 0.3328500986099243, 0.7162218689918518, 0.6346903443336487, 0.4800255000591278, 0.8142566084861755, 0.5616458654403687, 0.08510234206914902, 0.39847278594970703, 0.3034277558326721, 0.9406996369361877, 0.5297709703445435, 0.830835223197937] 2.238311529159546
[0.7753618955612183, 0.8633043169975281, 0.10666098445653915, 0.9032832980155945, 0.36974284052848816, 0.3765779435634613, 0.9262924790382385, 0.4968608617782593, 0.34764936566352844, 0.062390733510255814, 0.07882942259311676, 0.33993056416511536, 0.006654046475887299, 0.808265745639801, 0.7209292054176331, 0.921635091304779, 0.38582324981689453, 0.9583971500396729, 0.5550585985183716, 0.969894528388977, 0.06645727902650833, 0.6147661209106445, 0.7633209228515625, 0.11223459988832474, 0.6068426370620728, 0.2703940272331238, 0.282781183719635, 0.5121360421180725, 0.15093813836574554, 0.4158914387226105, 0.11811992526054382, 0.9220268726348877] 2.2533116340637207
[0.8635916113853455, 0.669965386390686, 0.04540572315454483, 0.9213818311691284, 0.15548184514045715, 0.5718458294868469, 0.06111527979373932, 0.7698072195053101, 0.953515350818634, 0.3765244483947754, 0.32383492588996887, 0.3601873517036438, 0.4334506690502167, 0.5844767689704895, 0.3562851846218109, 0.2989098131656647, 0.9861929416656494, 0.455630898475647, 0.10724051296710968, 0.06123035401105881, 0.4072640836238861, 0.41326722502708435, 0.6523343324661255, 0.07012176513671875, 0.7414078116416931, 0.13422933220863342, 0.586414635181427, 0.7345990538597107, 0.8996286988258362, 0.38024547696113586, 0.8126543760299683, 0.40719640254974365] 2.268338441848755
[0.3872453272342682, 0.03559229150414467, 0.3677230775356293, 0.27738156914711, 0.3191486597061157, 0.5029582381248474, 0.6033132672309875, 0.9658044576644897, 0.49459725618362427, 0.5762361884117126, 0.042582470923662186, 0.913129985332489, 0.4197693169116974, 0.9230549335479736, 0.630599856376648, 0.6128482818603516, 0.8873149156570435, 0.7729659080505371, 0.9383647441864014, 0.7188349962234497, 0.9917883276939392, 0.35139644145965576, 0.08553644269704819, 0.602979302406311, 0.6529845595359802, 0.8435750007629395, 0.44267037510871887, 0.5456426739692688, 0.8361124396324158, 0.6871586441993713, 0.7320253849029541, 0.030599817633628845] 2.285839319229126
[0.8601056933403015, 0.9883004426956177, 0.7823150157928467, 0.868820309638977, 0.796726405620575, 0.5061154961585999, 0.9093351364135742, 0.20294614136219025, 0.016311585903167725, 0.07097573578357697, 0.27607959508895874, 0.5130455493927002, 0.1532668173313141, 0.48067450523376465, 0.3229772448539734, 0.038327738642692566, 0.03877120092511177, 0.2264469563961029, 0.45269694924354553, 0.36299774050712585, 0.13029199838638306, 0.20637089014053345, 0.05682198703289032, 0.20491141080856323, 0.8613982200622559, 0.01593017391860485, 0.9699509739875793, 0.4417015314102173, 0.4338141083717346, 0.2602764070034027, 0.7433614134788513, 0.3234257400035858] 2.3003439903259277
[0.8955209851264954, 0.3783416748046875, 0.3482690155506134, 0.7083244323730469, 0.9627515077590942, 0.3367663621902466, 0.9055956602096558, 0.4780884385108948, 0.8876094818115234, 0.03473128005862236, 0.47181424498558044, 0.42628213763237, 0.10564114898443222, 0.9376363754272461, 0.701478123664856, 0.9444127082824707, 0.8162058591842651, 0.7981494069099426, 0.7587172389030457, 0.5835530757904053, 0.20778903365135193, 0.6490723490715027, 0.5174477696418762, 0.5885967016220093, 0.12105925381183624, 0.23864448070526123, 0.1857745200395584, 0.7414044737815857, 0.46911194920539856, 0.1403987556695938, 0.09335191547870636, 0.5149083137512207] 2.315347671508789
[0.4576675593852997, 0.8650286197662354, 0.6172546744346619, 0.4491909146308899, 0.9228425621986389, 0.01405484601855278, 0.08018769323825836, 0.2950029969215393, 0.06394392251968384, 0.8210886716842651, 0.5803182721138, 0.7106225490570068, 0.19014587998390198, 0.3357137441635132, 0.08472670614719391, 0.7534224390983582, 0.04832233116030693, 0.20549948513507843, 0.3860620856285095, 0.189337357878685, 0.1907663494348526, 0.7633859515190125, 0.9367460608482361, 0.7748914957046509, 0.7957777976989746, 0.919722855091095, 0.2447495311498642, 0.42905956506729126, 0.14828383922576904, 0.8405119180679321, 0.9959263205528259, 0.05134422332048416] 2.3313093185424805
[0.4597233235836029, 0.08955109119415283, 0.6013263463973999, 0.7682589292526245, 0.4653449058532715, 0.8905593752861023, 0.5624199509620667, 0.3801499307155609, 0.17302073538303375, 0.5731494426727295, 0.6127716302871704, 0.08717123419046402, 0.6004900932312012, 0.2624507546424866, 0.9477234482765198, 0.48699966073036194, 0.3966943323612213, 0.7527933120727539, 0.19592373073101044, 0.3730536997318268, 0.4163399040699005, 0.5360990762710571, 0.7759622931480408, 0.40661710500717163, 0.5824819803237915, 0.5097408890724182, 0.6985663175582886, 0.6931854486465454, 0.0656825378537178, 0.8853958249092102, 0.6850237846374512, 0.6145005226135254] 2.3473079204559326
[0.5799838900566101, 0.8506858348846436, 0.7058470249176025, 0.5004739761352539, 0.6245764493942261, 0.4387507736682892, 0.37852224707603455, 0.00864861998707056, 0.5801946520805359, 0.9516814351081848, 0.848613440990448, 0.8723956346511841, 0.8798813819885254, 0.23633387684822083, 0.2814609110355377, 0.42101117968559265, 0.3102852702140808, 0.931722104549408, 0.3798234462738037, 0.5214383006095886, 0.019432594999670982, 0.3112942576408386, 0.9642448425292969, 0.6976296305656433, 0.765055239200592, 0.003265651874244213, 0.17816177010536194, 0.714504063129425, 0.46647119522094727, 0.842380940914154, 0.4862107038497925, 0.23325680196285248] 2.3633108139038086
[0.0449829138815403, 0.7459707260131836, 0.05896925926208496, 0.16622290015220642, 0.4821453392505646, 0.6295831203460693, 0.18698972463607788, 0.9123977422714233, 0.6934082508087158, 0.13093864917755127, 0.5137311220169067, 0.3743431270122528, 0.6402443051338196, 0.36520275473594666, 0.3896961808204651, 0.13457921147346497, 0.8906997442245483, 0.5158988237380981, 0.3327754735946655, 0.30427759885787964, 0.7148427963256836, 0.22871290147304535, 0.5508127212524414, 0.15057139098644257, 0.6895882487297058, 0.7890254259109497, 0.331174373626709, 0.22996662557125092, 0.3171839118003845, 0.1373547613620758, 0.9086077213287354, 0.11753816157579422] 2.3783113956451416
[0.854816734790802, 0.4847915768623352, 0.20172953605651855, 0.7973418831825256, 0.5677423477172852, 0.26387274265289307, 0.8109495639801025, 0.8680046200752258, 0.020482787862420082, 0.744959831237793, 0.04101413115859032, 0.8502153158187866, 0.31792137026786804, 0.5132032632827759, 0.4797805845737457, 0.3858904540538788, 0.10310863703489304, 0.9797052145004272, 0.6484347581863403, 0.12391040474176407, 0.24551990628242493, 0.2643646001815796, 0.7673059105873108, 0.41282057762145996, 0.8482580780982971, 0.5889967679977417, 0.9693045020103455, 0.02545802854001522, 0.4134725332260132, 0.335018128156662, 0.5820325016975403, 0.9761825799942017] 2.3933258056640625
[0.20589579641819, 0.18645311892032623, 0.4523203372955322, 0.13047517836093903, 0.448715478181839, 0.37844955921173096, 0.8033068776130676, 0.1075892522931099, 0.328517884016037, 0.510086715221405, 0.7109377384185791, 0.46104320883750916, 0.5263511538505554, 0.3941377103328705, 0.8812800049781799, 0.2019282877445221, 0.9972544312477112, 0.9294182062149048, 0.15889379382133484, 0.9117035269737244, 0.007247679401189089, 0.056731197983026505, 0.8730065822601318, 0.7761009931564331, 0.6067322492599487, 0.28199389576911926, 0.7102681994438171, 0.4737081229686737, 0.45818161964416504, 0.0030665306840091944, 0.5271650552749634, 0.16162650287151337] 2.4088332653045654
[0.30111801624298096, 0.024189941585063934, 0.2468639314174652, 0.1895177662372589, 0.9009807109832764, 0.5674203634262085, 0.16554862260818481, 0.19393113255500793, 0.76490318775177, 0.49944332242012024, 0.3234589695930481, 0.25282031297683716, 0.6113962531089783, 0.8505251407623291, 0.6791573762893677, 0.6255983710289001, 0.20734158158302307, 0.20391057431697845, 0.4179442226886749, 0.11572040617465973, 0.9527035355567932, 0.8517335057258606, 0.520573616027832, 0.7691997289657593, 0.6446055173873901, 0.15648987889289856, 0.11370409280061722, 0.9949835538864136, 0.8416262865066528, 0.9341950416564941, 0.017307039350271225, 0.9580983519554138] 2.4248316287994385
[0.401723712682724, 0.7132110595703125, 0.8078773021697998, 0.9390926957130432, 0.07336455583572388, 0.3053281903266907, 0.9510514140129089, 0.6010904312133789, 0.22055234014987946, 0.09184298664331436, 0.26421356201171875, 0.7313892841339111, 0.497578889131546, 0.7442777752876282, 0.6456261873245239, 0.44010797142982483, 0.2555355131626129, 0.3780580759048462, 0.19787795841693878, 0.6090372204780579, 0.6338865756988525, 0.21670132875442505, 0.9653061628341675, 0.036726221442222595, 0.33783143758773804, 0.6076534390449524, 0.7575231790542603, 0.6576678156852722, 0.9923295974731445, 0.40975964069366455, 0.38632383942604065, 0.6619580984115601] 2.4398317337036133
[0.8533926606178284, 0.8251013159751892, 0.7252581119537354, 0.24735493957996368, 0.518281102180481, 0.9651594758033752, 0.44009774923324585, 0.8211953043937683, 0.017701664939522743, 0.27060776948928833, 0.44697827100753784, 0.7523729205131531, 0.5493000149726868, 0.05921896919608116, 0.5598918199539185, 0.18203477561473846, 0.4114452004432678, 0.44148552417755127, 0.903039813041687, 0.9442210793495178, 0.292208731174469, 0.20862454175949097, 0.7660344839096069, 0.6737191081047058, 0.155512273311615, 0.45824724435806274, 0.7818569540977478, 0.16649039089679718, 0.27984169125556946, 0.6761910915374756, 0.30425241589546204, 0.4669392704963684] 2.4548349380493164
[0.8784990906715393, 0.7225164175033569, 0.572373628616333, 0.5146507024765015, 0.4246567189693451, 0.26499003171920776, 0.7487293481826782, 0.7498456835746765, 0.4421658217906952, 0.8493565917015076, 0.9003942608833313, 0.9244382977485657, 0.855968713760376, 0.46373000741004944, 0.7505605220794678, 0.7154158353805542, 0.6764188408851624, 0.8619991540908813, 0.603206217288971, 0.6812493205070496, 0.32821908593177795, 0.46159395575523376, 0.7400544285774231, 0.6949908137321472, 0.7021369338035583, 0.8170856833457947, 0.18076859414577484, 0.6357080936431885, 0.6349489092826843, 0.32213178277015686, 0.733371376991272, 0.14111316204071045] 2.4698352813720703
[0.5867825150489807, 0.963559091091156, 0.1321779489517212, 0.5516491532325745, 0.8711956739425659, 0.9567198753356934, 0.44073155522346497, 0.3834729492664337, 0.7513973116874695, 0.7175316214561462, 0.5532539486885071, 0.048040084540843964, 0.5202367901802063, 0.8940438628196716, 0.2609730660915375, 0.6510605216026306, 0.28259021043777466, 0.3800917863845825, 0.023636000230908394, 0.14875192940235138, 0.2424982488155365, 0.054538335651159286, 0.060494471341371536, 0.03353741765022278, 0.07318523526191711, 0.7365094423294067, 0.2724830210208893, 0.12301314622163773, 0.6059338450431824, 0.9953881502151489, 0.2500161826610565, 0.3655071556568146] 2.485832691192627
[0.19698908925056458, 0.06864327192306519, 0.06781560182571411, 0.13350985944271088, 0.1667114645242691, 0.2092379331588745, 0.40318021178245544, 0.7522740364074707, 0.6553402543067932, 0.2335348129272461, 0.5000191926956177, 0.2282586693763733, 0.5757261514663696, 0.43360191583633423, 0.8855831027030945, 0.2995980679988861, 0.7188555002212524, 0.9429523348808289, 0.12295679748058319, 0.2105609029531479, 0.3786149322986603, 0.4343856871128082, 0.3114462196826935, 0.878598690032959, 0.8224524855613708, 0.99619460105896, 0.5982930064201355, 0.4909052550792694, 0.7590380907058716, 0.08582453429698944, 0.24561676383018494, 0.7873904705047607] 2.501832962036133
[0.5934994220733643, 0.7018383741378784, 0.5724950432777405, 0.06851446628570557, 0.40599343180656433, 0.01724468730390072, 0.14952456951141357, 0.22948354482650757, 0.7798835039138794, 0.33387550711631775, 0.20005787909030914, 0.4327603280544281, 0.917625904083252, 0.9057105779647827, 0.3603824973106384, 0.5502914190292358, 0.3651708960533142, 0.422758013010025, 0.31537482142448425, 0.18924003839492798, 0.6332707405090332, 0.9588606357574463, 0.4416828751564026, 0.5597378015518188, 0.5121715068817139, 0.2040901482105255, 0.7787659168243408, 0.3447420299053192, 0.8754953145980835, 0.9769124984741211, 0.33722183108329773, 0.7032027840614319] 2.516862630844116
[0.6871023178100586, 0.6554604768753052, 0.3143704831600189, 0.599744975566864, 0.5927916169166565, 0.5497495532035828, 0.6971047520637512, 0.3226350247859955, 0.8071082830429077, 0.5530051589012146, 0.414142906665802, 0.724453330039978, 0.7092186212539673, 0.3491639792919159, 0.00770103745162487, 0.49740028381347656, 0.4267924427986145, 0.9474529027938843, 0.32327738404273987, 0.28278547525405884, 0.8193874955177307, 0.2933202087879181, 0.15365733206272125, 0.20232529938220978, 0.2717360556125641, 0.8195496201515198, 0.6281378269195557, 0.5174075365066528, 0.9660928249359131, 0.9798678755760193, 0.5911141633987427, 0.38772469758987427] 2.53186297416687
[0.2814035415649414, 0.8095722198486328, 0.7069997191429138, 0.3344039022922516, 0.7779837250709534, 0.0668482631444931, 0.6273690462112427, 0.13785678148269653, 0.058336928486824036, 0.7703061699867249, 0.8684924840927124, 0.8538268208503723, 0.20649659633636475, 0.9604700207710266, 0.3617287874221802, 0.3768630921840668, 0.7795525789260864, 0.5133529901504517, 0.5586609244346619, 0.5941260457038879, 0.6578691601753235, 0.8545795679092407, 0.018266787752509117, 0.4076673686504364, 0.3120320737361908, 0.23944444954395294, 0.4559873342514038, 0.871245265007019, 0.7029741406440735, 0.24522890150547028, 0.032413795590400696, 0.2922505736351013] 2.547837972640991
[0.3891824781894684, 0.3627893328666687, 0.9897705912590027, 0.6308773756027222, 0.9637274146080017, 0.7566599249839783, 0.14356176555156708, 0.3898157775402069, 0.31479254364967346, 0.029452066868543625, 0.6710212826728821, 0.2141757756471634, 0.8792160153388977, 0.005386139266192913, 0.259895920753479, 0.5303517580032349, 0.8410552740097046, 0.6057912111282349, 0.15693269670009613, 0.8845543265342712, 0.8946892023086548, 0.5881121754646301, 0.8231030702590942, 0.871985137462616, 0.9665822982788086, 0.07851852476596832, 0.6225329041481018, 0.25122568011283875, 0.24991877377033234, 0.9422177076339722, 0.6559367179870605, 0.6120462417602539] 2.5628631114959717
[0.818825364112854, 0.15467771887779236, 0.7501761317253113, 0.05471325293183327, 0.6616955995559692, 0.6498262882232666, 0.751596987247467, 0.933771014213562, 0.21066778898239136, 0.6821925044059753, 0.8978699445724487, 0.9320906400680542, 0.995370090007782, 0.5564373731613159, 0.5546794533729553, 0.548738956451416, 0.2282627671957016, 0.3218423128128052, 0.9473680257797241, 0.6311939358711243, 0.11386051774024963, 0.2532728314399719, 0.8655770421028137, 0.24777604639530182, 0.4925515353679657, 0.06408140063285828, 0.5766571760177612, 0.7366707921028137, 0.58983314037323, 0.982770562171936, 0.35277730226516724, 0.9466860294342041] 2.5788474082946777
[0.09127399325370789, 0.8206415772438049, 0.8730076551437378, 0.4804529547691345, 0.7499940991401672, 0.6748908758163452, 0.8849836587905884, 0.3375531733036041, 0.6994628310203552, 0.6083961129188538, 0.17079228162765503, 0.015581558458507061, 0.7702257037162781, 0.48178836703300476, 0.17894545197486877, 0.4886150360107422, 0.041739001870155334, 0.1804814487695694, 0.4696926474571228, 0.777849555015564, 0.6610138416290283, 0.013142597861588001, 0.4679267108440399, 0.5704395174980164, 0.5584651231765747, 0.8505820631980896, 0.8543577790260315, 0.9822034239768982, 0.810935914516449, 0.17667940258979797, 0.2584761083126068, 0.9760627746582031] 2.5938713550567627
[0.9277541637420654, 0.09983257204294205, 0.49702346324920654, 0.672945499420166, 0.0670200064778328, 0.026828370988368988, 0.023822003975510597, 0.5672876834869385, 0.569291889667511, 0.8375058770179749, 0.01285044476389885, 0.28233110904693604, 0.041200824081897736, 0.8979261517524719, 0.8139625787734985, 0.40625402331352234, 0.2686992287635803, 0.15222510695457458, 0.4589202404022217, 0.11606045067310333, 0.4015272855758667, 0.378415048122406, 0.623062014579773, 0.6831871867179871, 0.5550842881202698, 0.8753806352615356, 0.4062201976776123, 0.1484544724225998, 0.7898693084716797, 0.08265084773302078, 0.24447627365589142, 0.137010395526886] 2.609835147857666
